Symbol,Price,Type,Strike,"Exp Date",DTE,Bid,Midpoint,Ask,Last,Volume,"Open Int",Vol/OI,IV,Time
DHT,7.14,Call,6.00,06/19/20,49,1.60,1.63,1.65,1.65,11997,117,102.54,99.95%,"15:03 ET"
TSLA,703.11,Call,730.00,05/01/20,0,0.69,0.75,0.82,0.56,12512,278,45.01,0.00%,"15:14 ET"
TSLA,703.11,Call,750.00,05/01/20,0,0.13,0.14,0.15,0.14,46599,1095,42.56,0.00%,"15:13 ET"
TSLA,703.11,Call,715.00,05/01/20,0,3.25,3.43,3.60,2.68,5612,156,35.97,0.00%,"15:14 ET"
TSLA,703.11,Call,735.00,05/01/20,0,0.44,0.48,0.51,0.45,5611,157,35.74,0.00%,"15:13 ET"
AVGO,260.28,Put,262.50,05/01/20,0,1.90,3.4,4.90,2.59,4814,145,33.2,0.00%,"15:04 ET"
DAL,24.26,Call,24.50,05/08/20,7,0.90,0.92,0.94,0.96,3614,115,31.43,77.51%,"15:11 ET"
TSLA,703.11,Call,700.00,05/08/20,7,43.15,43.4,43.65,43.35,3479,118,29.48,104.26%,"15:13 ET"
DAL,24.26,Put,24.00,05/22/20,21,1.70,1.74,1.78,1.72,3334,120,27.78,81.65%,"14:55 ET"
TSLA,703.11,Call,710.00,05/01/20,0,5.20,5.35,5.50,4.89,10980,402,27.31,0.00%,"15:13 ET"
AMZN,2301.22,Call,2310.00,05/01/20,0,6.55,6.88,7.20,7.30,4062,151,26.9,0.00%,"15:25 ET"
TSLA,703.11,Call,740.00,05/01/20,0,0.26,0.29,0.32,0.25,10769,402,26.79,0.00%,"15:13 ET"
SNAP,16.63,Call,18.00,05/29/20,28,0.52,0.54,0.55,0.54,8133,336,24.21,57.01%,"15:22 ET"
AAPL,291.14,Put,297.50,05/01/20,0,6.10,6.23,6.35,5.35,6866,295,23.27,0.00%,"15:18 ET"
CVS,59.66,Put,59.00,05/15/20,14,1.94,1.96,1.99,1.88,3564,157,22.7,46.99%,"14:42 ET"
AEG,2.51,Put,2.50,10/16/20,168,0.40,0.63,0.85,0.40,7071,312,22.66,60.80%,"13:26 ET"
SRE,119.86,Put,95.00,07/17/20,77,3.20,3.65,4.10,3.20,2681,121,22.16,60.11%,"12:01 ET"
TSLA,703.11,Call,705.00,05/01/20,0,7.65,7.9,8.15,6.78,4206,192,21.91,0.00%,"15:14 ET"
HTHT,32.96,Put,20.00,09/18/20,140,0.65,0.7,0.75,0.70,3025,143,21.15,71.33%,"15:08 ET"
EOG,44.56,Put,41.00,05/15/20,14,1.53,1.59,1.64,1.65,3073,150,20.49,93.12%,"14:53 ET"
CHD,71.13,Call,70.00,06/19/20,49,3.90,3.95,4.00,4.00,2417,118,20.48,32.75%,"15:13 ET"
TSLA,703.11,Call,750.00,05/08/20,7,20.10,20.33,20.55,20.00,4073,199,20.47,94.93%,"15:14 ET"
WY,17.84,Put,15.00,07/17/20,77,0.65,0.73,0.80,0.70,3352,164,20.44,59.73%,"14:41 ET"
TSLA,703.11,Call,720.00,05/01/20,0,1.97,2.11,2.24,1.60,10735,552,19.45,0.00%,"15:14 ET"
TSLA,703.11,Call,690.00,05/01/20,0,18.20,18.75,19.30,16.55,1907,100,19.07,0.00%,"15:09 ET"
PTON,32.05,Call,35.00,10/16/20,168,5.50,5.63,5.75,5.60,4721,253,18.66,77.84%,"15:21 ET"
ZM,138.3,Put,85.00,11/20/20,203,8.50,8.75,9.00,8.50,5646,309,18.27,85.98%,"15:00 ET"
AAPL,291.14,Put,295.00,05/01/20,0,3.70,3.8,3.90,3.84,28417,1558,18.24,0.00%,"15:23 ET"
T,29.83,Put,29.50,05/08/20,7,0.37,0.38,0.38,0.37,25960,1450,17.9,31.82%,"15:27 ET"
T,29.83,Put,27.50,05/22/20,21,0.26,0.28,0.29,0.26,3152,179,17.61,37.90%,"14:57 ET"
C,45.41,Call,45.50,05/01/20,0,0.19,0.21,0.22,0.25,1543,102,15.13,0.00%,"15:28 ET"
MRVL,25.36,Put,25.50,05/08/20,7,0.72,0.75,0.78,0.80,1512,100,15.12,52.43%,"15:05 ET"
PYPL,119.97,Call,127.00,05/15/20,14,1.92,1.96,1.99,1.98,1517,102,14.87,47.09%,"15:16 ET"
SPCE,17.95,Put,17.50,05/08/20,7,1.94,1.97,2.01,1.95,2608,177,14.73,212.99%,"15:21 ET"
NVDA,284.26,Call,285.00,05/01/20,0,0.88,0.97,1.05,1.00,7046,485,14.53,0.00%,"15:17 ET"
AMZN,2301.22,Call,2330.00,05/01/20,0,1.69,1.83,1.97,1.90,4629,321,14.42,0.00%,"15:25 ET"
TSLA,703.11,Put,710.00,05/01/20,0,8.65,9,9.35,9.25,14274,992,14.39,0.00%,"15:13 ET"
AMZN,2301.22,Call,2345.00,05/01/20,0,0.50,0.56,0.62,0.70,1553,108,14.38,0.00%,"15:22 ET"
AMZN,2301.22,Call,2320.00,05/01/20,0,3.35,3.65,3.95,3.70,6168,429,14.38,0.00%,"15:25 ET"
AMZN,2301.22,Call,2335.00,05/01/20,0,1.09,1.2,1.30,1.18,1952,137,14.25,0.00%,"15:25 ET"
HTZ,3.54,Put,1.00,05/15/20,14,0.15,0.18,0.20,0.15,3865,272,14.21,0.00%,"15:20 ET"
TSLA,703.11,Call,800.00,05/08/20,7,8.30,8.4,8.50,8.10,10383,762,13.63,91.60%,"15:14 ET"
TWTR,27.87,Call,28.00,05/08/20,7,0.91,0.93,0.94,0.94,4400,324,13.58,64.52%,"15:14 ET"
ZEN,73.84,Put,60.00,06/19/20,49,1.15,1.25,1.35,1.35,1365,101,13.51,60.65%,"12:34 ET"
TSLA,703.11,Call,725.00,05/01/20,0,1.17,1.27,1.36,1.00,6924,528,13.11,0.00%,"15:14 ET"
HD,217.43,Put,217.50,05/15/20,14,5.90,6.05,6.20,6.09,1334,102,13.08,36.53%,"15:23 ET"
CSX,64.93,Put,65.00,05/08/20,7,1.49,1.54,1.59,1.52,2236,174,12.85,41.33%,"14:40 ET"
TSLA,703.11,Call,700.00,05/01/20,0,10.70,11.1,11.50,10.71,8848,704,12.57,0.00%,"15:13 ET"
UAL,26.75,Call,25.00,05/08/20,7,2.43,2.45,2.47,2.42,1747,140,12.48,93.36%,"15:14 ET"
WDC,41.3,Call,40.00,05/01/20,0,1.24,1.33,1.41,1.45,2897,235,12.33,0.00%,"15:14 ET"
WFC,27.44,Call,28.00,05/08/20,7,0.50,0.51,0.51,0.50,4342,354,12.27,48.06%,"15:14 ET"
SHOP,608.42,Call,625.00,05/01/20,0,0.00,0.15,0.30,0.10,1213,101,12.01,0.00%,"15:15 ET"
BYND,93.84,Call,94.00,05/01/20,0,0.36,0.41,0.46,0.57,1399,117,11.96,0.00%,"15:23 ET"
TER,57.26,Call,60.00,10/16/20,168,6.80,6.85,6.90,6.80,2056,172,11.95,48.97%,"15:29 ET"
JPM,93.04,Call,92.00,05/08/20,7,3.25,3.28,3.30,3.30,1474,124,11.89,57.01%,"15:28 ET"
AMD,49.92,Call,51.00,05/08/20,7,1.17,1.17,1.18,1.18,8816,767,11.49,54.86%,"15:23 ET"
ROKU,114.5,Call,116.00,05/01/20,0,0.12,0.15,0.17,0.15,2417,211,11.45,0.00%,"15:23 ET"
TSLA,703.11,Put,730.00,05/08/20,7,51.55,51.8,52.05,51.30,1933,170,11.37,95.71%,"15:12 ET"
AMZN,2301.22,Call,2340.00,05/01/20,0,0.71,0.83,0.94,0.85,3411,307,11.11,0.00%,"15:25 ET"
ATUS,24.93,Put,21.00,06/19/20,49,0.50,0.6,0.70,0.55,5020,458,10.96,58.05%,"11:13 ET"
CHK,14.65,Put,2.00,05/15/20,14,0.20,0.21,0.22,0.21,9662,897,10.77,0.00%,"15:09 ET"
FSCT,32,Put,30.00,06/19/20,49,0.75,0.8,0.85,0.75,6259,584,10.72,34.64%,"15:19 ET"
AMD,49.92,Call,50.00,05/01/20,0,0.22,0.23,0.24,0.20,17092,1605,10.65,0.00%,"15:25 ET"
DAL,24.26,Put,23.50,05/08/20,7,0.72,0.74,0.75,0.75,1448,138,10.49,84.44%,"15:14 ET"
GME,6.04,Call,6.00,05/08/20,7,0.49,0.5,0.51,0.50,5652,539,10.49,140.91%,"15:20 ET"
OKE,27.92,Call,30.00,05/08/20,7,0.40,0.45,0.50,0.45,1351,129,10.47,75.20%,"15:14 ET"
AGNC,12.29,Put,12.50,05/08/20,7,0.40,0.47,0.53,0.50,1049,101,10.39,55.79%,"14:27 ET"
AMZN,2301.22,Call,2315.00,05/01/20,0,4.50,4.75,5.00,4.82,1750,171,10.23,0.00%,"15:23 ET"
TSLA,703.11,Put,620.00,05/08/20,7,15.20,15.35,15.50,15.60,1307,129,10.13,127.03%,"15:10 ET"
TSLA,703.11,Put,640.00,05/08/20,7,18.80,18.95,19.10,18.85,1708,169,10.11,118.98%,"15:12 ET"
AMZN,2301.22,Call,2300.00,05/01/20,0,11.40,11.95,12.50,12.54,9307,926,10.05,0.00%,"15:25 ET"
AMZN,2301.22,Call,2350.00,05/08/20,7,34.80,35.2,35.60,35.78,1329,133,9.99,42.07%,"15:25 ET"
AAPL,291.14,Put,292.50,05/01/20,0,1.66,1.71,1.77,1.71,25278,2533,9.98,0.00%,"15:23 ET"
BIDU,95.57,Put,85.00,05/08/20,7,0.33,0.36,0.38,0.36,1081,109,9.92,65.70%,"15:20 ET"
AMZN,2301.22,Call,2350.00,05/01/20,0,0.33,0.37,0.40,0.38,8237,833,9.89,0.00%,"15:25 ET"
AAPL,291.14,Put,310.00,05/08/20,7,19.90,20.03,20.15,20.50,1144,116,9.86,49.07%,"14:37 ET"
AMZN,2301.22,Call,2290.00,05/01/20,0,17.50,18.18,18.85,18.40,1819,185,9.83,0.00%,"15:24 ET"
AAL,10.8,Put,9.00,01/15/21,259,3.10,3.15,3.20,3.15,10740,1093,9.83,126.93%,"15:13 ET"
AAPL,291.14,Put,290.00,05/22/20,21,9.50,9.58,9.65,9.40,2598,270,9.62,36.74%,"15:20 ET"
BYND,93.84,Call,88.00,05/01/20,0,4.55,5.2,5.85,4.95,2053,214,9.59,0.00%,"15:19 ET"
SCHW,36.48,Put,31.00,05/15/20,14,0.20,0.25,0.30,0.25,1068,115,9.29,69.62%,"13:25 ET"
TSLA,703.11,Put,655.00,05/01/20,0,0.21,0.24,0.26,0.22,3128,337,9.28,0.00%,"15:13 ET"
TSLA,703.11,Put,685.00,05/01/20,0,1.55,1.63,1.70,1.90,5567,600,9.28,0.00%,"15:14 ET"
AMZN,2301.22,Call,2305.00,05/01/20,0,8.70,9.27,9.85,9.55,1715,185,9.27,0.00%,"15:25 ET"
AMZN,2301.22,Call,2325.00,05/01/20,0,2.36,2.59,2.81,2.70,2827,308,9.18,0.00%,"15:25 ET"
BSX,36.05,Call,38.00,06/19/20,49,1.06,1.1,1.13,1.12,1000,109,9.17,35.93%,"13:18 ET"
CRWD,69.67,Call,70.00,10/16/20,168,10.80,10.9,11.00,10.82,1146,126,9.1,57.15%,"15:13 ET"
ECL,190.13,Put,150.00,06/19/20,49,2.55,2.93,3.30,2.30,2000,220,9.09,57.60%,"13:47 ET"
CIEN,46.06,Call,46.00,05/01/20,0,0.15,0.19,0.23,0.17,922,102,9.04,0.00%,"15:11 ET"
AMZN,2301.22,Put,2270.00,05/01/20,0,0.65,0.71,0.77,0.65,5577,618,9.02,0.00%,"15:25 ET"
AVGO,260.28,Put,257.50,05/01/20,0,0.20,0.33,0.45,0.30,1763,198,8.9,0.00%,"15:18 ET"
AMZN,2301.22,Put,2220.00,05/08/20,7,20.55,20.9,21.25,21.00,975,110,8.86,43.22%,"15:23 ET"
AMD,49.92,Call,50.00,05/08/20,7,1.62,1.63,1.64,1.65,8353,951,8.78,55.32%,"15:24 ET"
TSLA,703.11,Put,680.00,05/01/20,0,1.07,1.13,1.19,1.40,12474,1428,8.74,0.00%,"15:14 ET"
TSLA,703.11,Put,735.00,05/01/20,0,28.70,29.78,30.85,30.16,4783,554,8.63,0.00%,"15:11 ET"
CLX,194.07,Put,190.00,05/01/20,0,0.05,0.2,0.35,0.18,1108,129,8.59,0.00%,"14:54 ET"
NFLX,416.67,Call,560.00,05/08/20,7,0.07,0.1,0.13,0.12,1259,148,8.51,85.54%,"15:08 ET"
TSLA,703.11,Call,745.00,05/08/20,7,21.80,22.03,22.25,22.10,857,101,8.49,96.46%,"15:13 ET"
TSLA,703.11,Put,720.00,05/01/20,0,15.30,15.6,15.90,18.05,12097,1428,8.47,0.00%,"15:14 ET"
TSLA,703.11,Put,700.00,05/01/20,0,4.55,4.7,4.85,5.84,57012,6733,8.47,0.00%,"15:14 ET"
GILD,78.44,Call,79.00,05/01/20,0,0.24,0.26,0.27,0.27,7100,855,8.3,0.00%,"15:23 ET"
TSLA,703.11,Call,695.00,05/01/20,0,14.30,14.7,15.10,13.91,1175,142,8.27,0.00%,"15:13 ET"
TSLA,703.11,Put,630.00,05/08/20,7,16.85,17,17.15,17.00,1394,169,8.25,122.52%,"15:13 ET"
HLT,72.18,Put,60.00,05/15/20,14,0.50,0.53,0.55,0.55,10485,1277,8.21,77.65%,"15:24 ET"
UAL,26.75,Call,60.00,06/18/21,413,2.53,2.79,3.05,2.70,2035,249,8.17,76.54%,"14:55 ET"
TSLA,703.11,Put,610.00,05/08/20,7,13.60,13.77,13.95,14.30,834,104,8.02,131.43%,"15:14 ET"
AAL,10.8,Put,11.00,08/21/20,112,3.10,3.15,3.20,3.15,5294,661,8.01,129.22%,"15:13 ET"
AMD,49.92,Call,49.00,05/01/20,0,1.14,1.16,1.18,1.17,5409,676,8,0.00%,"15:24 ET"
AAPL,291.14,Put,287.50,05/01/20,0,0.21,0.22,0.23,0.22,28291,3550,7.97,0.00%,"15:23 ET"
GOOG,1314.27,Put,1330.00,05/01/20,0,8.40,9.1,9.80,13.25,1162,146,7.96,0.00%,"15:05 ET"
PDD,45.32,Call,51.00,05/15/20,14,0.95,1.03,1.10,1.00,1379,174,7.93,80.52%,"15:19 ET"
TSLA,703.11,Put,650.00,05/08/20,7,20.85,21.05,21.25,21.74,9307,1176,7.91,117.99%,"15:14 ET"
GOLD,26.75,Call,34.00,01/15/21,259,2.01,2.11,2.20,2.05,1603,204,7.86,46.53%,"14:37 ET"
ZM,138.3,Call,139.00,05/01/20,0,0.65,0.73,0.80,0.59,2649,337,7.86,0.00%,"15:20 ET"
TSLA,703.11,Call,765.00,05/01/20,0,0.01,0.06,0.10,5.18,4960,633,7.84,0.00%,"15:06 ET"
TSLA,703.11,Put,690.00,05/01/20,0,2.26,2.32,2.37,2.50,13326,1718,7.76,0.00%,"15:14 ET"
TSLA,703.11,Call,765.00,05/08/20,7,15.55,15.73,15.90,15.60,980,128,7.66,94.01%,"15:13 ET"
RF,10.09,Call,11.00,06/19/20,49,0.40,0.45,0.49,0.45,1297,170,7.63,54.66%,"13:40 ET"
DIS,104.89,Put,99.50,05/08/20,7,1.59,1.63,1.67,1.62,2170,285,7.61,66.48%,"15:11 ET"
SBUX,73.71,Call,110.00,10/16/20,168,0.29,0.32,0.34,0.32,1647,217,7.59,33.09%,"14:55 ET"
TSLA,703.11,Put,695.00,05/08/20,7,34.85,35.1,35.35,35.60,1509,200,7.55,105.37%,"15:13 ET"
CCL,13.99,Put,13.00,05/08/20,7,0.45,0.48,0.50,0.50,11336,1502,7.55,123.41%,"15:12 ET"
BYND,93.84,Call,95.00,05/08/20,7,6.50,6.6,6.70,6.65,1375,183,7.51,145.21%,"15:28 ET"
TSLA,703.11,Call,745.00,05/01/20,0,0.20,0.22,0.23,0.18,5513,739,7.46,0.00%,"15:13 ET"
VZ,56.74,Call,57.00,05/22/20,21,1.22,1.27,1.31,1.24,1013,136,7.45,25.28%,"14:49 ET"
GOOGL,1311.81,Call,1325.00,05/01/20,0,2.05,2.28,2.50,2.12,824,111,7.42,0.00%,"15:22 ET"
WMGI,29.52,Put,30.00,08/21/20,112,1.00,1.1,1.20,1.05,10053,1368,7.35,13.05%,"13:35 ET"
TSLA,703.11,Put,600.00,05/08/20,7,12.30,12.45,12.60,12.65,10407,1417,7.34,133.91%,"15:14 ET"
GOOGL,1311.81,Put,1315.00,05/01/20,0,1.60,1.95,2.30,2.10,3239,442,7.33,0.00%,"15:22 ET"
PENN,15.83,Put,9.00,05/15/20,14,0.15,0.18,0.20,0.15,5350,735,7.28,199.16%,"15:12 ET"
AAPL,291.14,Put,290.00,05/01/20,0,0.57,0.58,0.59,0.56,77156,10631,7.26,0.00%,"15:23 ET"
SPCE,17.95,Call,16.50,05/01/20,0,1.20,1.23,1.25,1.21,6636,916,7.24,0.00%,"15:26 ET"
PEP,129.99,Call,133.00,05/22/20,21,2.31,2.43,2.54,2.31,1198,166,7.22,28.72%,"14:49 ET"
MVIS,0.4531,Call,1.00,06/19/20,49,0.05,0.08,0.10,0.10,1263,175,7.22,301.24%,"15:16 ET"
AMZN,2301.22,Put,2280.00,05/08/20,7,41.00,41.58,42.15,41.15,748,104,7.19,42.70%,"15:24 ET"
RCL,41.61,Put,42.00,05/01/20,0,0.55,0.61,0.66,0.61,3741,525,7.13,0.00%,"15:22 ET"
AAPL,291.14,Put,300.00,05/08/20,7,11.35,11.45,11.55,10.79,4750,666,7.13,34.05%,"15:19 ET"
TGT,107.26,Call,108.00,05/08/20,7,2.08,2.13,2.17,2.07,765,108,7.08,39.91%,"15:28 ET"
SPCE,17.95,Call,16.50,05/08/20,7,2.43,2.48,2.52,2.62,1172,166,7.06,206.07%,"15:19 ET"
AAPL,291.14,Put,292.50,05/15/20,14,8.90,8.93,8.95,8.78,4767,675,7.06,36.51%,"15:22 ET"
AMZN,2301.22,Call,2295.00,05/01/20,0,14.15,14.68,15.20,14.70,867,123,7.05,0.00%,"15:24 ET"
NVDA,284.26,Call,287.50,05/01/20,0,0.22,0.24,0.26,0.22,2310,328,7.04,0.00%,"15:14 ET"
BABA,193.86,Call,197.50,05/08/20,7,2.57,2.65,2.73,2.68,1008,145,6.95,38.07%,"15:27 ET"
BMY,59.94,Put,65.00,06/19/20,49,5.70,5.78,5.85,5.79,18000,2592,6.94,28.64%,"14:55 ET"
TSLA,703.11,Call,770.00,05/08/20,7,14.25,14.43,14.60,14.40,1603,234,6.85,94.00%,"15:12 ET"
X,7.5,Put,8.00,05/08/20,7,0.70,0.72,0.73,0.72,2830,413,6.85,101.17%,"15:13 ET"
BABA,193.86,Put,187.50,05/08/20,7,1.64,1.67,1.71,1.66,1601,234,6.84,39.72%,"15:27 ET"
TSLA,703.11,Put,675.00,05/08/20,7,27.75,27.98,28.20,28.80,1533,225,6.81,111.29%,"15:14 ET"
SDC,7.05,Put,6.00,05/08/20,7,0.20,0.23,0.25,0.20,3876,574,6.75,164.64%,"15:24 ET"
BMY,59.94,Put,59.00,05/15/20,14,1.12,1.15,1.18,1.19,1848,274,6.74,35.16%,"15:20 ET"
TSLA,703.11,Put,715.00,05/01/20,0,11.65,12.38,13.10,11.80,4590,683,6.72,0.00%,"15:12 ET"
UPS,91.92,Put,92.00,05/08/20,7,1.88,1.99,2.11,1.95,1025,153,6.7,37.14%,"14:35 ET"
AAPL,291.14,Put,292.50,05/22/20,21,10.70,10.75,10.80,10.55,2455,368,6.67,36.29%,"15:22 ET"
BIDU,95.57,Put,90.00,05/08/20,7,0.86,0.92,0.98,0.99,679,102,6.66,59.65%,"15:25 ET"
NBL,8.85,Call,12.50,11/20/20,203,1.20,1.3,1.40,1.21,750,113,6.64,84.02%,"12:47 ET"
AMZN,2301.22,Call,2300.00,05/08/20,7,55.25,55.8,56.35,56.50,1597,241,6.63,41.08%,"15:25 ET"
TSLA,703.11,Put,475.00,05/08/20,7,3.80,3.88,3.95,3.90,662,100,6.62,185.06%,"15:10 ET"
ACB,0.6998,Call,1.50,12/18/20,231,0.06,0.11,0.15,0.11,1073,162,6.62,119.45%,"15:24 ET"
COP,39.15,Put,36.00,06/19/20,49,2.40,2.45,2.49,2.46,3006,455,6.61,69.92%,"13:57 ET"
AGNC,12.29,Put,11.00,06/19/20,49,0.46,0.48,0.50,0.51,2026,307,6.6,60.89%,"14:47 ET"
TSLA,703.11,Put,740.00,05/01/20,0,33.50,33.98,34.45,35.00,10746,1639,6.56,0.00%,"15:11 ET"
AAPL,291.14,Call,297.50,05/08/20,7,2.74,2.76,2.78,2.75,7699,1185,6.5,31.96%,"15:23 ET"
SMAR,52.33,Call,55.00,05/15/20,14,1.45,1.48,1.50,1.50,4220,655,6.44,61.30%,"15:25 ET"
AMZN,2301.22,Call,2270.00,05/01/20,0,35.25,36.45,37.65,37.60,1034,162,6.38,0.00%,"15:19 ET"
AMZN,2301.22,Call,2355.00,05/01/20,0,0.24,0.27,0.29,0.23,1349,212,6.36,0.00%,"15:25 ET"
FB,201.34,Put,205.00,05/01/20,0,2.76,2.96,3.15,3.10,10107,1590,6.36,0.00%,"15:19 ET"
JPM,93.04,Call,100.00,05/29/20,28,2.13,2.2,2.26,2.10,2236,352,6.35,45.80%,"15:19 ET"
HTZ,3.54,Put,3.00,01/21/22,630,2.10,2.25,2.40,2.25,9503,1496,6.35,189.46%,"14:15 ET"
LSCC,21,Put,20.00,05/15/20,14,0.45,0.5,0.55,0.54,1191,188,6.34,60.75%,"14:31 ET"
TSLA,703.11,Put,650.00,05/01/20,0,0.18,0.2,0.21,0.18,23722,3750,6.33,0.00%,"15:14 ET"
BERY,40.75,Call,40.00,05/15/20,14,1.90,2,2.10,1.85,1160,184,6.3,43.04%,"14:22 ET"
HTZ,3.54,Put,2.00,05/15/20,14,0.40,0.43,0.45,0.41,6718,1070,6.28,489.51%,"15:24 ET"
TSLA,703.11,Put,730.00,05/01/20,0,23.95,24.42,24.90,25.94,10172,1631,6.24,0.00%,"15:10 ET"
TSLA,703.11,Put,670.00,05/08/20,7,26.20,26.45,26.70,27.21,1922,310,6.2,112.53%,"15:14 ET"
AMZN,2301.22,Put,2100.00,05/08/20,7,4.60,4.8,5.00,4.75,3160,510,6.2,47.19%,"15:22 ET"
ENTG,51.49,Put,50.00,05/15/20,14,1.25,1.4,1.55,1.50,1075,174,6.18,54.19%,"12:08 ET"
DIS,104.89,Call,111.00,05/15/20,14,1.76,1.8,1.83,1.81,2484,406,6.12,48.84%,"15:11 ET"
TSLA,703.11,Put,700.00,05/08/20,7,36.95,37.2,37.45,38.50,11881,1940,6.12,106.44%,"15:14 ET"
LYFT,29.71,Call,29.50,05/01/20,0,0.33,0.36,0.38,0.42,610,101,6.04,0.00%,"14:56 ET"
TSLA,703.11,Put,710.00,05/08/20,7,41.30,41.6,41.90,42.00,3627,601,6.03,101.91%,"15:13 ET"
AAPL,291.14,Call,292.50,05/01/20,0,0.50,0.51,0.52,0.52,30775,5107,6.03,0.00%,"15:23 ET"
DFS,41.07,Put,41.00,05/01/20,0,0.15,0.2,0.25,0.10,765,127,6.02,0.00%,"15:11 ET"
FB,201.34,Put,207.50,05/01/20,0,5.15,5.78,6.40,6.20,3610,605,5.97,0.00%,"15:00 ET"
AMZN,2301.22,Call,2280.00,05/01/20,0,25.75,27.03,28.30,28.74,1472,247,5.96,0.00%,"15:22 ET"
CHNG,11.01,Call,12.00,05/15/20,14,0.20,0.25,0.30,0.27,1934,325,5.95,72.42%,"13:50 ET"
BA,134.84,Put,139.00,05/08/20,7,8.65,8.8,8.95,8.57,897,151,5.94,77.41%,"15:19 ET"
NSC,169.38,Call,195.00,06/19/20,49,0.35,1.13,1.90,1.21,716,121,5.92,32.05%,"14:52 ET"
BA,134.84,Put,123.00,05/08/20,7,1.71,1.75,1.79,1.79,712,121,5.88,80.63%,"15:24 ET"
SEAS,14.03,Put,13.00,05/15/20,14,0.70,0.83,0.95,0.90,717,122,5.88,123.03%,"14:42 ET"
ZM,138.3,Call,138.00,05/01/20,0,1.35,1.43,1.50,1.24,2249,383,5.87,0.00%,"15:20 ET"
CVX,89.86,Call,85.00,05/08/20,7,5.85,5.93,6.00,5.70,668,114,5.86,46.16%,"13:55 ET"
AMD,49.92,Call,51.00,05/15/20,14,1.88,1.89,1.90,1.90,1220,209,5.84,57.13%,"15:24 ET"
FCX,8.37,Call,9.50,05/29/20,28,0.23,0.25,0.27,0.24,600,103,5.83,66.71%,"12:19 ET"
C,45.41,Call,47.50,05/08/20,7,0.80,0.82,0.84,0.85,1499,257,5.83,68.32%,"15:28 ET"
WMT,123.07,Call,124.00,05/08/20,7,1.46,1.49,1.52,1.58,5096,874,5.83,30.31%,"15:17 ET"
XLNX,83.15,Put,86.00,05/15/20,14,4.55,4.73,4.90,4.35,710,122,5.82,40.74%,"11:54 ET"
MT,10.51,Call,14.00,09/18/20,140,0.36,0.41,0.45,0.39,1123,193,5.82,51.18%,"14:44 ET"
INMD,24.55,Call,20.00,06/19/20,49,5.80,6.3,6.80,6.10,1028,177,5.81,106.22%,"14:29 ET"
ZM,138.3,Put,105.00,05/08/20,7,0.30,0.35,0.40,0.34,1254,216,5.81,116.31%,"15:17 ET"
AMZN,2301.22,Call,2365.00,05/01/20,0,0.09,0.12,0.14,0.10,1471,253,5.81,0.00%,"15:23 ET"
INTC,57.97,Call,61.50,05/15/20,14,0.47,0.49,0.50,0.50,2210,383,5.77,37.11%,"14:25 ET"
T,29.83,Call,32.50,06/05/20,35,0.25,0.28,0.31,0.28,1500,262,5.73,29.80%,"15:06 ET"
TSLA,703.11,Call,820.00,05/08/20,7,5.75,5.88,6.00,5.87,1689,296,5.71,92.93%,"15:12 ET"
FDX,118.13,Put,120.00,05/01/20,0,2.09,2.39,2.69,2.12,958,170,5.64,0.00%,"15:19 ET"
RCL,41.61,Put,42.00,05/15/20,14,4.40,4.5,4.60,4.41,827,147,5.63,127.93%,"14:56 ET"
TDOC,167.04,Call,165.00,05/01/20,0,2.60,2.95,3.30,3.20,613,109,5.62,0.00%,"15:17 ET"
SPCE,17.95,Put,16.50,05/08/20,7,1.40,1.42,1.45,1.44,1617,289,5.6,212.03%,"15:23 ET"
NSC,169.38,Put,145.00,06/19/20,49,2.85,3.18,3.50,3.08,726,130,5.58,49.67%,"14:52 ET"
TSLA,703.11,Put,745.00,05/08/20,7,60.40,60.97,61.55,61.04,673,121,5.56,95.49%,"15:13 ET"
CVX,89.86,Put,86.50,05/08/20,7,1.20,1.25,1.30,1.44,627,113,5.55,59.71%,"14:14 ET"
URI,119.3,Call,130.00,05/08/20,7,1.00,1.2,1.40,1.20,948,171,5.54,68.56%,"14:57 ET"
GOLD,26.75,Put,25.00,06/19/20,49,1.20,1.23,1.25,1.21,10268,1854,5.54,53.73%,"15:16 ET"
X,7.5,Put,8.50,05/08/20,7,1.09,1.11,1.12,1.08,962,174,5.53,92.89%,"15:14 ET"
TSLA,703.11,Call,695.00,05/15/20,14,57.90,58.15,58.40,58.25,712,129,5.52,96.38%,"15:11 ET"
BA,134.84,Put,134.00,05/01/20,0,0.61,0.67,0.73,0.66,3135,568,5.52,0.00%,"15:27 ET"
AAPL,291.14,Call,295.00,05/08/20,7,3.70,3.73,3.75,3.72,15337,2777,5.52,32.56%,"15:23 ET"
TSLA,703.11,Put,590.00,05/08/20,7,11.15,11.28,11.40,11.45,737,134,5.5,137.64%,"15:11 ET"
TSLA,703.11,Call,825.00,05/15/20,14,12.40,12.5,12.60,12.36,1221,222,5.5,86.23%,"15:13 ET"
AAPL,291.14,Put,290.00,05/08/20,7,5.45,5.5,5.55,5.35,15027,2740,5.48,37.89%,"15:22 ET"
ROKU,114.5,Call,115.00,05/01/20,0,0.41,0.44,0.46,0.40,2680,490,5.47,0.00%,"15:23 ET"
BA,134.84,Call,275.00,01/21/22,630,10.40,11.15,11.90,12.00,2436,446,5.46,55.39%,"13:50 ET"
APA,11.35,Put,11.00,05/08/20,7,0.83,0.88,0.93,0.88,1935,356,5.44,166.00%,"15:23 ET"
AAPL,291.14,Call,295.00,06/05/20,35,9.95,10.02,10.10,10.07,2439,449,5.43,32.03%,"15:14 ET"
NFLX,416.67,Call,425.00,05/01/20,0,0.11,0.12,0.13,0.12,16847,3108,5.42,0.00%,"15:17 ET"
BABA,193.86,Call,195.00,05/01/20,0,0.26,0.28,0.30,0.23,4705,874,5.38,0.00%,"15:25 ET"
TRGP,11.65,Call,15.00,05/15/20,14,0.20,0.25,0.30,0.18,1640,306,5.36,111.29%,"14:21 ET"
PLCE,28.1,Call,30.00,06/19/20,49,3.00,3.4,3.80,3.34,1278,240,5.33,100.55%,"13:49 ET"
TSLA,703.11,Call,710.00,05/15/20,14,49.95,50.18,50.40,50.20,1755,330,5.32,94.63%,"15:11 ET"
BA,134.84,Put,144.00,05/01/20,0,9.85,9.95,10.05,9.35,1054,200,5.27,0.00%,"15:16 ET"
VZ,56.74,Put,59.00,05/08/20,7,2.28,2.34,2.41,1.98,1161,221,5.25,0.00%,"13:25 ET"
TSLA,703.11,Call,850.00,05/08/20,7,3.40,3.47,3.55,3.35,6086,1163,5.23,93.29%,"15:14 ET"
NOW,338.84,Put,340.00,05/01/20,0,1.45,1.7,1.95,1.20,647,124,5.22,0.00%,"15:16 ET"
AMD,49.92,Put,40.00,05/22/20,21,0.35,0.38,0.41,0.40,1399,268,5.22,75.48%,"15:17 ET"
TSLA,703.11,Put,550.00,05/08/20,7,7.55,7.65,7.75,7.72,2483,476,5.22,152.88%,"15:13 ET"
TSLA,703.11,Put,350.00,05/08/20,7,1.10,1.18,1.25,1.20,2243,431,5.2,245.59%,"15:12 ET"
INTC,57.97,Put,57.50,05/08/20,7,1.33,1.37,1.40,1.31,992,191,5.19,47.32%,"15:11 ET"
EQT,14.35,Put,12.00,06/19/20,49,0.80,0.85,0.90,0.85,1536,297,5.17,93.80%,"15:18 ET"
BIDU,95.57,Put,95.00,05/01/20,0,0.13,0.16,0.18,0.16,2206,427,5.17,0.00%,"15:17 ET"
BABA,193.86,Call,192.50,05/01/20,0,1.81,1.9,1.99,1.90,888,172,5.16,0.00%,"15:25 ET"
AAL,10.8,Put,10.50,05/08/20,7,0.65,0.66,0.67,0.66,9436,1831,5.15,130.90%,"15:19 ET"
TSLA,703.11,Put,680.00,05/08/20,7,29.35,29.63,29.90,30.00,5081,989,5.14,108.79%,"15:13 ET"
AAL,10.8,Put,11.00,05/01/20,0,0.29,0.31,0.32,0.32,22622,4399,5.14,0.00%,"15:23 ET"
MAR,84.97,Put,84.00,05/01/20,0,0.15,0.2,0.25,0.15,523,102,5.13,0.00%,"14:49 ET"
NOK,3.62,Call,3.50,05/15/20,14,0.25,0.26,0.26,0.26,17205,3381,5.09,69.49%,"15:17 ET"
TSLA,703.11,Call,680.00,05/01/20,0,26.55,27.25,27.95,25.77,1489,294,5.06,0.00%,"15:10 ET"
AMZN,2301.22,Put,2280.00,05/01/20,0,1.50,1.59,1.67,1.37,4327,862,5.02,0.00%,"15:25 ET"
NFLX,416.67,Call,420.00,05/01/20,0,0.42,0.48,0.53,0.48,13524,2697,5.01,0.00%,"15:17 ET"
AAPL,291.14,Call,295.00,05/01/20,0,0.11,0.12,0.13,0.13,49621,9914,5.01,0.00%,"15:23 ET"
VNOM,8.45,Put,1.00,12/18/20,231,0.05,0.48,0.90,0.33,700,140,5,259.27%,"10:09 ET"
TSLA,703.11,Call,835.00,05/15/20,14,10.80,11.03,11.25,10.84,728,146,4.99,86.12%,"15:13 ET"
WM,98,Put,90.00,10/16/20,168,5.20,5.5,5.80,5.30,1237,248,4.99,35.22%,"14:16 ET"
FB,201.34,Put,195.00,05/08/20,7,1.97,1.99,2.01,2.00,6274,1258,4.99,41.52%,"15:19 ET"
TSLA,703.11,Put,670.00,05/01/20,0,0.45,0.55,0.64,0.56,9037,1813,4.98,0.00%,"15:13 ET"
TSLA,703.11,Put,705.00,05/08/20,7,39.05,39.33,39.60,39.40,1793,361,4.97,102.10%,"15:13 ET"
AOBC,9.27,Call,10.50,05/29/20,28,0.10,0.18,0.25,0.15,500,101,4.95,51.23%,"14:44 ET"
BAC,22.94,Put,22.00,05/08/20,7,0.34,0.35,0.35,0.33,15258,3102,4.92,55.68%,"15:27 ET"
AMZN,2301.22,Put,2310.00,05/01/20,0,10.80,11.6,12.40,11.69,2525,514,4.91,0.00%,"15:23 ET"
NFLX,416.67,Put,420.00,05/01/20,0,2.59,2.73,2.87,2.55,9096,1852,4.91,0.00%,"15:16 ET"
AAPL,291.14,Put,297.50,05/08/20,7,9.60,9.68,9.75,8.99,4528,924,4.9,33.81%,"15:17 ET"
LOW,103.92,Put,103.00,05/15/20,14,2.94,3.05,3.15,2.99,597,122,4.89,42.25%,"14:49 ET"
TSLA,703.11,Put,725.00,05/01/20,0,19.05,19.53,20.00,22.40,6479,1324,4.89,0.00%,"15:14 ET"
INTC,57.97,Put,55.50,05/08/20,7,0.66,0.68,0.69,0.66,647,133,4.86,50.55%,"15:25 ET"
BA,134.84,Call,136.00,05/01/20,0,0.15,0.16,0.18,0.17,2928,603,4.86,0.00%,"15:25 ET"
AMZN,2301.22,Call,2320.00,05/08/20,7,46.05,46.65,47.25,47.00,523,108,4.84,41.21%,"15:20 ET"
SWK,107.61,Call,110.00,05/15/20,14,2.90,3.1,3.30,3.30,527,109,4.83,54.49%,"15:19 ET"
BABA,193.86,Call,222.50,05/08/20,7,0.11,0.11,0.12,0.11,703,147,4.78,48.45%,"14:57 ET"
DBX,19.78,Put,20.00,05/08/20,7,1.10,1.15,1.20,1.19,658,139,4.73,99.20%,"13:46 ET"
BABA,193.86,Put,182.50,05/08/20,7,0.81,0.84,0.87,0.90,1060,224,4.73,43.70%,"15:21 ET"
SIMO,41.37,Call,45.00,09/18/20,140,2.30,2.38,2.45,2.40,699,148,4.72,36.40%,"15:17 ET"
TSLA,703.11,Put,625.00,05/08/20,7,16.00,16.15,16.30,16.25,703,150,4.69,124.66%,"15:10 ET"
TSLA,703.11,Put,200.00,05/08/20,7,0.19,0.21,0.22,0.19,2335,500,4.67,338.77%,"15:12 ET"
AMZN,2301.22,Call,2360.00,05/01/20,0,0.13,0.18,0.22,0.21,2647,568,4.66,0.00%,"15:25 ET"
X,7.5,Put,7.50,05/08/20,7,0.37,0.39,0.40,0.39,3984,857,4.65,95.56%,"15:12 ET"
TSLA,703.11,Put,715.00,05/08/20,7,43.70,44,44.30,44.30,1572,339,4.64,100.69%,"15:12 ET"
BAC,22.94,Put,23.00,05/08/20,7,0.70,0.71,0.72,0.69,8764,1891,4.63,50.63%,"15:27 ET"
NVDA,284.26,Call,302.50,05/08/20,7,1.87,1.91,1.95,1.94,962,209,4.6,48.86%,"15:18 ET"
IRBT,59.3,Put,59.00,05/15/20,14,2.75,2.8,2.85,2.72,563,123,4.58,61.81%,"15:27 ET"
BILI,25.32,Call,25.00,06/19/20,49,2.45,2.48,2.50,2.45,819,179,4.58,63.30%,"14:50 ET"
TSLA,703.11,Call,765.00,05/15/20,14,26.65,26.9,27.15,25.74,626,137,4.57,86.89%,"15:07 ET"
AMZN,2301.22,Put,2320.00,05/01/20,0,18.25,18.85,19.45,18.00,2304,505,4.56,0.00%,"15:25 ET"
AAPL,291.14,Put,280.00,05/08/20,7,2.33,2.34,2.36,2.37,16829,3693,4.56,41.77%,"15:23 ET"
FB,201.34,Put,200.00,05/01/20,0,0.22,0.23,0.24,0.25,23974,5267,4.55,0.00%,"15:19 ET"
TSLA,703.11,Put,760.00,05/01/20,0,53.25,53.8,54.35,54.02,5253,1157,4.54,0.00%,"15:10 ET"
AMZN,2301.22,Put,2240.00,05/08/20,7,25.80,26.48,27.15,26.04,728,161,4.52,42.49%,"15:19 ET"
VZ,56.74,Call,58.00,05/22/20,21,0.77,0.81,0.85,0.80,958,212,4.52,24.49%,"14:49 ET"
TSLA,703.11,Put,705.00,05/01/20,0,6.25,6.5,6.75,8.00,5961,1319,4.52,0.00%,"15:14 ET"
X,7.5,Put,9.00,05/01/20,0,1.48,1.5,1.52,1.52,675,150,4.5,0.00%,"12:55 ET"
DIS,104.89,Put,96.00,05/08/20,7,0.91,0.94,0.96,0.94,1229,273,4.5,70.30%,"15:07 ET"
GOOGL,1311.81,Put,1320.00,05/01/20,0,3.40,3.9,4.40,4.09,5005,1114,4.49,0.00%,"15:23 ET"
TSLA,703.11,Put,715.00,05/15/20,14,55.75,56,56.25,56.17,1734,387,4.48,92.91%,"15:11 ET"
INO,10.2,Call,12.50,05/08/20,7,0.50,0.53,0.55,0.55,1038,232,4.47,223.00%,"15:26 ET"
EMN,60.98,Put,60.00,05/15/20,14,1.90,2.08,2.25,2.15,540,121,4.46,55.02%,"12:55 ET"
BYND,93.84,Call,91.00,05/01/20,0,2.00,2.45,2.89,2.73,710,160,4.44,0.00%,"15:23 ET"
NFLX,416.67,Put,415.00,05/08/20,7,8.70,8.9,9.10,8.90,1368,308,4.44,43.35%,"15:17 ET"
FB,201.34,Put,200.00,05/08/20,7,3.45,3.48,3.50,3.55,6901,1553,4.44,38.64%,"15:20 ET"
FISV,100.23,Put,85.00,01/15/21,259,7.50,7.85,8.20,8.10,523,118,4.43,48.14%,"12:18 ET"
AMAT,46.75,Put,42.50,07/17/20,77,3.00,3.08,3.15,3.20,824,187,4.41,63.78%,"14:48 ET"
GOOGL,1311.81,Put,1310.00,05/01/20,0,0.65,0.85,1.05,0.90,2192,498,4.4,0.00%,"15:22 ET"
BYND,93.84,Put,91.50,05/01/20,0,0.10,0.14,0.18,0.12,801,183,4.38,0.00%,"15:09 ET"
BA,134.84,Call,140.00,05/08/20,7,3.50,3.53,3.55,3.53,3533,806,4.38,79.32%,"15:27 ET"
NFLX,416.67,Put,415.00,05/01/20,0,0.25,0.28,0.30,0.30,8552,1954,4.38,0.00%,"15:17 ET"
NLSN,13.91,Put,10.00,11/20/20,203,0.50,0.75,1.00,0.80,676,155,4.36,64.68%,"10:05 ET"
JPM,93.04,Call,93.50,05/01/20,0,0.21,0.22,0.24,0.21,1256,288,4.36,0.00%,"15:10 ET"
AMZN,2301.22,Put,2250.00,05/01/20,0,0.17,0.2,0.23,3.26,11134,2568,4.34,0.00%,"15:25 ET"
AMZN,2301.22,Put,2275.00,05/01/20,0,1.03,1.1,1.17,0.88,2552,590,4.33,0.00%,"15:25 ET"
JPM,93.04,Call,93.00,05/01/20,0,0.44,0.46,0.49,0.45,2968,685,4.33,0.00%,"15:28 ET"
AMZN,2301.22,Put,2290.00,05/01/20,0,2.99,3.27,3.55,2.80,3692,855,4.32,0.00%,"15:25 ET"
AMD,49.92,Put,43.00,05/08/20,7,0.13,0.14,0.14,0.16,974,227,4.29,77.05%,"15:08 ET"
AMZN,2301.22,Call,2370.00,05/01/20,0,0.06,0.08,0.11,0.12,2003,467,4.29,0.00%,"15:23 ET"
BAC,22.94,Call,22.50,05/29/20,28,1.53,1.56,1.58,1.60,562,132,4.26,55.05%,"14:15 ET"
MCD,183.12,Put,100.00,06/19/20,49,0.18,0.21,0.24,0.23,800,188,4.26,77.77%,"10:46 ET"
TGT,107.26,Put,105.00,05/08/20,7,1.14,1.17,1.20,1.27,536,126,4.25,38.51%,"15:17 ET"
TLRY,7.24,Call,8.00,05/22/20,21,0.58,0.62,0.66,0.65,502,119,4.22,135.98%,"15:06 ET"
CNX,10.21,Put,7.00,01/15/21,259,1.09,1.21,1.32,1.24,857,203,4.22,91.57%,"13:38 ET"
ZM,138.3,Put,134.00,05/01/20,0,0.00,0.05,0.10,0.10,2231,529,4.22,0.00%,"14:37 ET"
SHOP,608.42,Call,620.00,05/01/20,0,0.15,0.25,0.35,0.25,868,207,4.19,0.00%,"15:24 ET"
BP,22.78,Call,24.00,05/08/20,7,0.17,0.19,0.21,0.20,1270,303,4.19,50.17%,"15:19 ET"
JPM,93.04,Call,92.00,05/01/20,0,1.21,1.25,1.28,1.26,1933,461,4.19,0.00%,"15:29 ET"
AMZN,2301.22,Put,2200.00,05/08/20,7,15.95,16.3,16.65,16.70,2209,527,4.19,43.84%,"15:25 ET"
AMZN,2301.22,Call,2400.00,05/08/20,7,21.70,22.17,22.65,21.98,2581,616,4.19,43.36%,"15:24 ET"
C,45.41,Call,46.00,05/15/20,14,2.05,2.07,2.09,2.12,828,199,4.16,69.40%,"15:05 ET"
DAL,24.26,Put,21.00,05/08/20,7,0.19,0.2,0.20,0.19,3200,770,4.16,93.98%,"15:05 ET"
AMZN,2301.22,Put,2260.00,05/01/20,0,0.15,0.28,0.41,0.40,4147,997,4.16,0.00%,"15:24 ET"
QCOM,75.24,Put,55.00,01/21/22,630,6.90,7.05,7.20,7.15,1029,248,4.15,47.27%,"15:14 ET"
AMZN,2301.22,Put,2240.00,05/01/20,0,0.12,0.13,0.14,0.12,3787,912,4.15,0.00%,"15:25 ET"
AAPL,291.14,Put,287.50,05/08/20,7,4.45,4.48,4.50,4.29,5722,1382,4.14,38.12%,"15:20 ET"
SHOP,608.42,Put,585.00,05/01/20,0,0.00,0.08,0.15,4.83,660,160,4.13,0.00%,"15:05 ET"
TSLA,703.11,Put,575.00,05/08/20,7,9.65,9.75,9.85,10.05,605,147,4.12,144.17%,"15:14 ET"
PEP,129.99,Put,140.00,07/17/20,77,13.05,13.25,13.45,12.87,2000,485,4.12,28.23%,"12:45 ET"
SNAP,16.63,Put,13.00,05/22/20,21,0.09,0.1,0.10,0.10,1176,286,4.11,74.39%,"15:11 ET"
TSLA,703.11,Put,580.00,05/08/20,7,10.10,10.23,10.35,10.60,1331,324,4.11,142.48%,"15:10 ET"
TSLA,703.11,Put,755.00,05/08/20,7,67.05,67.85,68.65,69.55,557,136,4.1,99.73%,"14:12 ET"
AMZN,2301.22,Put,2300.00,05/01/20,0,6.35,6.73,7.10,6.06,12666,3086,4.1,0.00%,"15:25 ET"
PPC,20.8,Call,25.00,01/15/21,259,1.50,1.6,1.70,1.75,611,150,4.07,44.68%,"11:42 ET"
AMZN,2301.22,Put,2285.00,05/01/20,0,2.24,2.49,2.74,2.00,1418,348,4.07,0.00%,"15:25 ET"
FOXA,25.27,Put,25.50,05/01/20,0,0.15,0.28,0.40,0.34,2033,502,4.05,0.00%,"15:11 ET"
JPM,93.04,Call,94.00,05/01/20,0,0.09,0.1,0.11,0.11,3522,872,4.04,0.00%,"15:29 ET"
BILI,25.32,Put,22.50,05/15/20,14,0.30,0.32,0.35,0.35,3716,922,4.03,68.64%,"14:49 ET"
DE,137.53,Put,100.00,06/19/20,49,0.96,1.03,1.09,0.99,799,199,4.02,62.79%,"12:25 ET"
GS,177.68,Put,167.50,05/08/20,7,1.34,1.39,1.43,1.43,531,133,3.99,51.60%,"14:46 ET"
SBUX,73.71,Call,75.00,05/08/20,7,1.05,1.09,1.12,1.09,940,237,3.97,39.94%,"15:25 ET"
BA,134.84,Put,142.00,05/15/20,14,13.05,13.13,13.20,12.55,1266,319,3.97,74.79%,"15:04 ET"
AAL,10.8,Put,10.50,05/15/20,14,1.01,1.02,1.02,1.02,4517,1140,3.96,136.64%,"15:22 ET"
NAT,6.11,Put,5.50,07/17/20,77,1.30,1.38,1.45,1.42,525,133,3.95,166.04%,"15:15 ET"
AMZN,2301.22,Put,2265.00,05/01/20,0,0.50,0.53,0.55,0.50,2164,548,3.95,0.00%,"15:25 ET"
SDC,7.05,Call,7.50,05/15/20,14,0.60,0.63,0.65,0.69,4824,1222,3.95,154.75%,"15:14 ET"
CLVS,7.08,Call,7.00,10/16/20,168,2.00,2.2,2.40,2.28,681,173,3.94,120.41%,"13:48 ET"
WES,8.1,Call,10.00,08/21/20,112,0.85,0.95,1.05,1.05,1040,264,3.94,92.90%,"12:25 ET"
HMHC,1.5,Call,2.50,06/19/20,49,0.05,0.1,0.15,0.10,1478,375,3.94,151.07%,"14:07 ET"
TSLA,703.11,Put,660.00,05/01/20,0,0.22,0.27,0.32,0.29,5273,1338,3.94,0.00%,"15:13 ET"
AMZN,2301.22,Call,2640.00,05/08/20,7,3.90,4.03,4.15,4.23,719,183,3.93,59.02%,"15:17 ET"
WDC,41.3,Call,41.00,05/01/20,0,0.38,0.45,0.52,0.50,763,194,3.93,0.00%,"15:14 ET"
TSLA,703.11,Put,750.00,05/01/20,0,43.30,43.8,44.30,47.00,17559,4473,3.93,0.00%,"15:14 ET"
MGM,15.14,Put,15.50,05/08/20,7,0.95,0.98,1.00,1.01,718,183,3.92,99.50%,"15:14 ET"
TSLA,703.11,Call,805.00,05/08/20,7,7.50,7.68,7.85,7.30,757,193,3.92,91.20%,"15:07 ET"
LYFT,29.71,Put,28.00,05/08/20,7,1.40,1.42,1.43,1.41,882,225,3.92,135.35%,"15:12 ET"
TSLA,703.11,Put,760.00,05/08/20,7,70.50,70.9,71.30,71.02,1374,351,3.91,93.59%,"15:10 ET"
XOM,43.39,Put,44.00,05/08/20,7,1.71,1.75,1.78,1.70,1325,341,3.89,53.34%,"15:13 ET"
SPCE,17.95,Call,17.50,05/01/20,0,0.30,0.33,0.36,0.31,4658,1200,3.88,0.00%,"15:27 ET"
TSLA,703.11,Call,780.00,05/08/20,7,11.90,12.08,12.25,11.85,1805,468,3.86,92.72%,"15:14 ET"
COP,39.15,Put,31.00,06/19/20,49,1.05,1.11,1.16,1.11,3377,878,3.85,76.70%,"15:02 ET"
SEAS,14.03,Put,10.00,05/15/20,14,0.10,0.2,0.30,0.20,610,159,3.84,143.78%,"14:33 ET"
AZN,51.62,Call,60.00,06/19/20,49,0.15,0.22,0.30,0.25,1723,450,3.83,29.88%,"13:55 ET"
MGM,15.14,Call,15.00,05/08/20,7,0.79,0.81,0.83,0.79,734,192,3.82,83.34%,"15:13 ET"
TSLA,703.11,Put,500.00,05/08/20,7,4.70,4.78,4.85,4.90,6702,1759,3.81,174.13%,"15:14 ET"
TSLA,703.11,Put,615.00,05/08/20,7,14.40,14.55,14.70,14.81,624,164,3.8,128.77%,"15:10 ET"
SPCE,17.95,Call,17.00,05/08/20,7,2.20,2.26,2.32,2.22,1765,465,3.8,191.31%,"15:25 ET"
HTZ,3.54,Put,2.50,05/08/20,7,0.45,0.48,0.50,0.45,9817,2581,3.8,538.30%,"15:23 ET"
TSLA,703.11,Call,825.00,05/08/20,7,5.25,5.35,5.45,5.30,907,239,3.79,92.70%,"15:13 ET"
FB,201.34,Put,205.00,05/08/20,7,5.80,5.88,5.95,5.90,2864,756,3.79,35.13%,"15:16 ET"
DIS,104.89,Put,105.00,05/29/20,28,5.25,5.4,5.55,5.40,1211,320,3.78,47.04%,"15:14 ET"
VLO,58.89,Call,75.00,01/21/22,630,7.75,8.15,8.55,7.60,1692,449,3.77,39.96%,"13:14 ET"
TSLA,703.11,Put,745.00,05/01/20,0,38.40,38.97,39.55,39.20,4530,1201,3.77,0.00%,"15:10 ET"
AMD,49.92,Call,52.00,05/08/20,7,0.80,0.81,0.82,0.82,8559,2270,3.77,54.76%,"15:24 ET"
GFI,7.72,Put,7.00,06/19/20,49,0.43,0.48,0.52,0.48,500,133,3.76,75.27%,"10:13 ET"
WMT,123.07,Call,122.00,05/08/20,7,2.64,2.68,2.72,2.64,1172,312,3.76,31.60%,"15:16 ET"
GOOG,1314.27,Put,1325.00,05/01/20,0,5.00,5.5,6.00,9.94,630,168,3.75,0.00%,"15:15 ET"
TSLA,703.11,Put,705.00,05/15/20,14,51.10,51.4,51.70,51.72,763,204,3.74,94.80%,"15:13 ET"
AAPL,291.14,Call,300.00,05/08/20,7,2.01,2.03,2.05,2.02,29742,7974,3.73,31.78%,"15:23 ET"
QCOM,75.24,Call,79.00,05/08/20,7,0.49,0.51,0.53,0.56,774,208,3.72,43.59%,"15:18 ET"
GOOGL,1311.81,Put,1330.00,05/01/20,0,9.90,10.65,11.40,12.60,1227,330,3.72,0.00%,"15:21 ET"
TWTR,27.87,Call,28.00,05/01/20,0,0.10,0.11,0.12,0.11,3734,1007,3.71,0.00%,"15:13 ET"
JPM,93.04,Call,93.00,05/08/20,7,2.71,2.76,2.80,2.75,745,202,3.69,56.00%,"15:29 ET"
GS,177.68,Call,180.00,05/01/20,0,0.06,0.08,0.09,0.10,1194,324,3.69,0.00%,"15:14 ET"
CARR,17,Call,15.00,05/15/20,14,2.15,2.33,2.50,2.20,1643,446,3.68,67.48%,"15:23 ET"
TSLA,703.11,Put,675.00,05/01/20,0,0.78,0.81,0.84,1.00,6470,1756,3.68,0.00%,"15:14 ET"
AAPL,291.14,Call,287.50,05/22/20,21,11.50,11.55,11.60,11.87,719,196,3.67,34.83%,"14:44 ET"
JD,41.34,Put,41.50,05/01/20,0,0.14,0.16,0.18,0.29,644,176,3.66,0.00%,"15:06 ET"
INO,10.2,Call,12.00,05/08/20,7,0.60,0.63,0.65,0.63,1850,506,3.66,216.06%,"15:23 ET"
NFLX,416.67,Put,410.00,05/08/20,7,6.75,6.85,6.95,6.92,2004,547,3.66,44.29%,"15:16 ET"
DIS,104.89,Put,98.00,05/08/20,7,1.26,1.29,1.31,1.26,971,266,3.65,67.43%,"15:02 ET"
WFC,27.44,Put,28.00,05/08/20,7,1.49,1.51,1.53,1.50,3502,961,3.64,79.35%,"15:10 ET"
COG,20.17,Call,20.00,05/01/20,0,0.15,0.2,0.25,0.17,843,232,3.63,0.00%,"14:55 ET"
BA,134.84,Call,190.00,05/08/20,7,0.10,0.11,0.11,0.11,1642,454,3.62,112.48%,"14:43 ET"
TSLA,703.11,Put,725.00,05/08/20,7,48.80,49.05,49.30,49.50,1283,355,3.61,99.02%,"15:12 ET"
FVRR,39.69,Put,30.00,05/15/20,14,0.35,0.43,0.50,0.45,2002,555,3.61,118.43%,"14:19 ET"
BABA,193.86,Put,192.50,05/01/20,0,0.09,0.11,0.12,0.10,4613,1278,3.61,0.00%,"15:26 ET"
UAL,26.75,Call,27.00,06/19/20,49,3.65,3.72,3.80,3.70,580,161,3.6,96.77%,"14:14 ET"
PFE,37.44,Put,35.00,05/08/20,7,0.13,0.14,0.15,0.14,744,207,3.59,43.34%,"15:11 ET"
AMD,49.92,Put,48.00,05/08/20,7,0.79,0.8,0.81,0.78,4184,1169,3.58,61.33%,"15:24 ET"
TSLA,703.11,Put,490.00,05/08/20,7,4.30,4.4,4.50,4.50,667,187,3.57,178.72%,"15:06 ET"
AMAT,46.75,Put,40.00,10/16/20,168,3.85,3.95,4.05,4.03,778,218,3.57,60.87%,"14:57 ET"
PTON,32.05,Call,35.00,05/08/20,7,1.65,1.66,1.67,1.62,3774,1064,3.55,157.36%,"15:21 ET"
GOOGL,1311.81,Put,1280.00,05/08/20,7,9.90,10.15,10.40,10.24,587,166,3.54,34.48%,"15:23 ET"
BP,22.78,Put,15.00,07/17/20,77,0.34,0.37,0.39,0.35,1600,453,3.53,75.42%,"15:17 ET"
AAPL,291.14,Call,315.00,06/05/20,35,2.98,3.04,3.10,3.00,561,160,3.51,29.07%,"15:05 ET"
CLX,194.07,Call,197.50,05/01/20,0,0.05,0.13,0.20,0.12,1155,329,3.51,0.00%,"15:10 ET"
X,7.5,Call,8.00,05/08/20,7,0.19,0.2,0.20,0.19,34332,9781,3.51,90.17%,"15:17 ET"
BILL,55.75,Put,40.00,05/15/20,14,1.30,1.53,1.75,1.36,500,143,3.5,171.68%,"15:07 ET"
HTZ,3.54,Call,7.00,06/19/20,49,0.30,0.45,0.60,0.49,1008,288,3.5,235.15%,"15:24 ET"
BABA,193.86,Call,195.00,05/08/20,7,3.65,3.72,3.80,3.85,1622,464,3.5,39.40%,"15:27 ET"
WMT,123.07,Call,122.00,05/01/20,0,1.26,1.35,1.43,1.35,2102,600,3.5,0.00%,"15:17 ET"
C,45.41,Put,50.00,06/19/20,49,6.70,6.75,6.80,6.77,21373,6107,3.5,57.77%,"15:23 ET"
TWTR,27.87,Call,27.50,05/08/20,7,1.16,1.18,1.20,1.17,572,164,3.49,63.06%,"15:13 ET"
RCL,41.61,Put,42.50,05/01/20,0,0.93,1.05,1.16,0.85,589,169,3.49,0.00%,"15:11 ET"
V,176.15,Put,175.00,05/08/20,7,3.20,3.25,3.30,3.30,1289,369,3.49,40.52%,"15:12 ET"
GOOGL,1311.81,Put,1325.00,05/01/20,0,5.70,6.5,7.30,7.52,703,202,3.48,0.00%,"15:23 ET"
OSW,5.99,Put,5.00,05/15/20,14,0.15,0.22,0.30,0.20,789,227,3.48,131.73%,"14:59 ET"
TSLA,703.11,Put,665.00,05/08/20,7,24.80,25.03,25.25,25.00,508,147,3.46,111.79%,"15:12 ET"
TSLA,703.11,Put,660.00,05/08/20,7,23.45,23.67,23.90,23.30,2436,704,3.46,112.23%,"15:12 ET"
FB,201.34,Put,202.50,05/01/20,0,1.02,1.04,1.05,0.97,9114,2637,3.46,0.00%,"15:20 ET"
UAL,26.75,Call,28.00,05/08/20,7,0.90,0.92,0.93,0.95,4154,1205,3.45,97.50%,"15:13 ET"
PDD,45.32,Put,36.00,07/17/20,77,1.90,2.38,2.85,2.40,833,242,3.44,80.95%,"15:20 ET"
TTD,277.8,Put,275.00,05/01/20,0,0.35,0.52,0.70,0.57,1564,455,3.44,0.00%,"15:11 ET"
OSTK,12.58,Call,15.00,06/19/20,49,1.40,1.58,1.75,1.60,568,167,3.4,131.72%,"15:11 ET"
AAPL,291.14,Put,300.00,05/01/20,0,8.60,8.73,8.85,8.50,6330,1860,3.4,0.00%,"15:22 ET"
FB,201.34,Call,210.00,05/08/20,7,1.43,1.45,1.47,1.43,11931,3510,3.4,38.97%,"15:19 ET"
BYND,93.84,Put,94.00,05/01/20,0,0.94,1.08,1.21,1.31,2012,593,3.39,0.00%,"15:28 ET"
CCL,13.99,Put,14.00,05/01/20,0,0.05,0.1,0.15,0.10,10237,3018,3.39,0.00%,"15:12 ET"
WMT,123.07,Call,125.00,05/15/20,14,1.90,1.92,1.93,2.00,13199,3895,3.39,29.98%,"15:18 ET"
COST,303.18,Call,307.50,05/08/20,7,3.25,3.43,3.60,3.50,665,197,3.38,32.36%,"15:14 ET"
GOOGL,1311.81,Call,1330.00,05/01/20,0,1.05,1.2,1.35,1.20,972,288,3.38,0.00%,"15:23 ET"
BBY,72.5,Put,72.50,06/19/20,49,6.40,6.48,6.55,6.32,950,283,3.36,59.14%,"15:17 ET"
AAPL,291.14,Put,285.00,05/08/20,7,3.60,3.63,3.65,3.60,11929,3549,3.36,39.81%,"15:23 ET"
BABA,193.86,Put,180.00,05/08/20,7,0.58,0.61,0.63,0.62,835,249,3.35,44.83%,"15:25 ET"
NFLX,416.67,Call,415.00,05/01/20,0,2.88,3.04,3.20,3.16,5397,1610,3.35,0.00%,"15:17 ET"
AAPL,291.14,Put,275.00,05/08/20,7,1.52,1.53,1.54,1.50,8566,2554,3.35,43.44%,"15:22 ET"
TSLA,703.11,Put,685.00,05/08/20,7,31.05,31.35,31.65,31.50,1132,339,3.34,106.90%,"15:12 ET"
BA,134.84,Put,135.00,05/01/20,0,1.19,1.25,1.30,1.17,9579,2888,3.32,0.00%,"15:27 ET"
NFLX,416.67,Put,420.00,05/08/20,7,11.10,11.33,11.55,11.37,1545,467,3.31,42.86%,"15:17 ET"
TSLA,703.11,Put,420.00,05/08/20,7,2.25,2.32,2.39,2.34,535,162,3.3,210.14%,"15:05 ET"
AMD,49.92,Put,49.00,05/08/20,7,1.10,1.11,1.12,1.09,3415,1036,3.3,59.59%,"15:23 ET"
AMZN,2301.22,Put,2305.00,05/01/20,0,8.60,8.98,9.35,8.50,955,291,3.28,0.00%,"15:25 ET"
HP,17.01,Put,20.00,05/15/20,14,3.90,4.05,4.20,3.30,1003,306,3.28,52.01%,"13:53 ET"
AMZN,2301.22,Call,2250.00,05/01/20,0,54.50,55.83,57.15,54.00,1225,374,3.28,0.00%,"15:23 ET"
TSLA,703.11,Call,705.00,05/15/20,14,52.55,52.85,53.15,52.53,1002,306,3.27,94.70%,"15:13 ET"
TSLA,703.11,Put,450.00,05/08/20,7,3.00,3.05,3.10,3.10,2266,693,3.27,196.29%,"15:14 ET"
FB,201.34,Call,202.50,05/08/20,7,4.35,4.4,4.45,4.40,2423,740,3.27,43.52%,"15:18 ET"
AAPL,291.14,Put,285.00,05/29/20,28,8.70,8.75,8.80,8.40,668,205,3.26,36.00%,"15:17 ET"
LX,7.64,Put,12.50,08/21/20,112,4.40,4.8,5.20,4.78,920,282,3.26,33.46%,"11:47 ET"
SPCE,17.95,Call,17.50,05/08/20,7,1.95,1.99,2.03,1.96,1545,474,3.26,189.69%,"15:27 ET"
NLY,6.12,Put,5.00,07/17/20,77,0.22,0.25,0.27,0.22,2180,669,3.26,62.73%,"13:26 ET"
BYD,16.04,Put,15.00,05/15/20,14,0.65,0.7,0.75,0.70,6074,1865,3.26,93.47%,"15:16 ET"
LVS,46.01,Call,47.00,05/08/20,7,1.36,1.4,1.43,1.37,621,191,3.25,66.93%,"15:13 ET"
QCOM,75.24,Put,70.00,05/08/20,7,0.47,0.5,0.52,0.48,519,160,3.24,54.14%,"15:19 ET"
TSLA,703.11,Put,765.00,05/08/20,7,73.95,74.5,75.05,75.75,730,225,3.24,96.57%,"15:14 ET"
BA,134.84,Call,138.00,05/08/20,7,4.10,4.18,4.25,4.20,817,254,3.22,78.82%,"15:23 ET"
WFC,27.44,Put,28.50,05/01/20,0,1.05,1.08,1.10,1.10,2750,853,3.22,0.00%,"15:15 ET"
NFLX,416.67,Call,425.00,05/08/20,7,6.95,7.13,7.30,7.25,4431,1378,3.22,46.01%,"15:16 ET"
GSK,40.88,Call,41.00,05/08/20,7,0.55,0.6,0.65,0.55,1193,372,3.21,25.39%,"15:02 ET"
SPCE,17.95,Call,18.00,05/08/20,7,1.78,1.81,1.83,1.80,4628,1446,3.2,196.16%,"15:27 ET"
TSLA,703.11,Put,250.00,05/08/20,7,0.35,0.38,0.40,0.40,2082,655,3.18,305.13%,"15:10 ET"
AMZN,2301.22,Put,2295.00,05/01/20,0,4.50,4.8,5.10,4.20,2231,701,3.18,0.00%,"15:25 ET"
BABA,193.86,Put,160.00,11/20/20,203,8.25,8.38,8.50,8.60,1219,386,3.16,41.94%,"12:39 ET"
AAPL,291.14,Call,305.00,05/08/20,7,1.03,1.04,1.05,1.05,9384,2966,3.16,31.89%,"15:23 ET"
TSLA,703.11,Put,595.00,05/08/20,7,11.65,11.83,12.00,12.25,539,171,3.15,136.68%,"15:10 ET"
JD,41.34,Put,35.00,06/18/21,413,4.60,4.73,4.85,4.66,801,254,3.15,47.77%,"15:14 ET"
AAPL,291.14,Put,287.50,05/15/20,14,6.70,6.75,6.80,6.62,4547,1442,3.15,37.66%,"15:23 ET"
TSLA,703.11,Put,570.00,05/08/20,7,9.20,9.3,9.40,9.60,516,165,3.13,146.22%,"15:14 ET"
AAPL,291.14,Put,292.50,05/08/20,7,6.65,6.7,6.75,6.60,4713,1507,3.13,37.85%,"15:22 ET"
ERIC,8.32,Call,9.00,06/19/20,49,0.15,0.22,0.30,0.22,618,198,3.12,38.08%,"12:35 ET"
BA,134.84,Call,141.00,05/08/20,7,3.10,3.18,3.25,3.25,1007,323,3.12,79.87%,"15:22 ET"
TSLA,703.11,Put,657.50,05/01/20,0,0.22,0.27,0.31,0.38,964,311,3.1,0.00%,"15:07 ET"
FB,201.34,Call,212.50,05/08/20,7,0.93,0.95,0.97,0.95,2345,756,3.1,38.73%,"15:19 ET"
GOOGL,1311.81,Put,1335.00,05/01/20,0,14.60,15.4,16.20,20.90,544,176,3.09,0.00%,"15:13 ET"
AAPL,291.14,Put,290.00,05/29/20,28,10.70,10.75,10.80,10.60,907,294,3.09,35.68%,"15:20 ET"
INO,10.2,Call,11.00,05/08/20,7,0.85,0.9,0.95,0.90,983,319,3.08,210.94%,"15:26 ET"
TSLA,703.11,Put,750.00,05/08/20,7,63.30,63.75,64.20,66.00,3134,1020,3.07,99.64%,"15:14 ET"
GME,6.04,Call,5.50,05/08/20,7,0.75,0.78,0.80,0.78,949,310,3.06,139.39%,"15:14 ET"
TSLA,703.11,Put,765.00,05/01/20,0,58.20,58.9,59.60,60.00,2353,769,3.06,0.00%,"15:05 ET"
BYND,93.84,Call,105.00,05/08/20,7,3.25,3.33,3.40,3.33,3333,1088,3.06,144.26%,"15:27 ET"
TSLA,703.11,Put,640.00,05/01/20,0,0.10,0.16,0.22,0.14,2910,953,3.05,0.00%,"15:09 ET"
NFLX,416.67,Call,440.00,05/08/20,7,3.15,3.25,3.35,3.25,1996,656,3.04,47.01%,"15:15 ET"
SHOP,608.42,Put,600.00,05/01/20,0,0.20,0.33,0.45,0.33,2958,983,3.01,0.00%,"15:24 ET"
GOOGL,1311.81,Put,1300.00,05/08/20,7,15.80,16.15,16.50,16.54,1256,419,3,33.89%,"15:23 ET"
AMD,49.92,Put,47.00,05/08/20,7,0.56,0.57,0.57,0.57,3191,1065,3,64.30%,"15:25 ET"
ZM,138.3,Call,137.00,05/01/20,0,2.00,2.2,2.40,2.00,4134,1376,3,0.00%,"15:18 ET"
AMD,49.92,Call,49.00,05/08/20,7,2.21,2.22,2.23,2.24,1968,661,2.98,56.45%,"15:23 ET"
GILD,78.44,Put,76.00,05/08/20,7,1.35,1.39,1.43,1.39,694,234,2.97,59.23%,"15:18 ET"
OLED,142.88,Put,90.00,09/18/20,140,4.10,4.25,4.40,4.40,1186,400,2.97,75.71%,"14:06 ET"
DLB,57.88,Call,60.00,05/15/20,14,0.95,1.42,1.90,1.85,500,169,2.96,59.58%,"11:18 ET"
HBI,9.59,Put,10.00,07/17/20,77,1.35,1.4,1.45,1.35,902,305,2.96,60.83%,"11:05 ET"
GSX,36.45,Call,40.00,07/17/20,77,5.60,5.9,6.20,5.80,1053,356,2.96,104.25%,"15:17 ET"
NVDA,284.26,Call,280.00,05/01/20,0,4.90,5.05,5.20,5.20,1748,593,2.95,0.00%,"15:18 ET"
AAPL,291.14,Call,290.00,05/01/20,0,1.84,1.87,1.90,1.86,37480,12710,2.95,0.00%,"15:23 ET"
GS,177.68,Call,177.50,05/01/20,0,0.51,0.57,0.63,0.65,637,217,2.94,0.00%,"15:09 ET"
BA,134.84,Put,131.00,05/08/20,7,4.20,4.3,4.40,4.25,641,218,2.94,77.77%,"15:27 ET"
AMZN,2301.22,Put,2330.00,05/01/20,0,26.35,27.05,27.75,25.05,1682,575,2.93,0.00%,"15:25 ET"
NVDA,284.26,Call,300.00,05/08/20,7,2.38,2.42,2.46,2.46,2779,950,2.93,49.29%,"15:18 ET"
QIWI,12.92,Call,15.00,08/21/20,112,0.80,1.13,1.45,0.85,564,193,2.92,54.54%,"14:51 ET"
TSG,29.04,Call,30.00,05/15/20,14,0.60,0.65,0.70,0.60,851,292,2.91,42.98%,"15:12 ET"
SQ,62.44,Put,63.00,05/01/20,0,0.38,0.45,0.52,0.35,2400,825,2.91,0.00%,"15:19 ET"
MSFT,175.07,Call,177.50,05/08/20,7,2.47,2.49,2.50,2.55,10590,3642,2.91,37.34%,"15:16 ET"
TSLA,703.11,Put,665.00,05/01/20,0,0.38,0.42,0.45,0.40,2560,884,2.9,0.00%,"15:12 ET"
HLT,72.18,Put,65.00,06/19/20,49,3.70,3.85,4.00,3.80,622,215,2.89,68.13%,"14:45 ET"
LLY,152.94,Call,160.00,05/08/20,7,0.40,0.42,0.43,0.39,661,229,2.89,28.63%,"15:06 ET"
ORCL,51.4,Put,47.50,09/18/20,140,3.05,3.1,3.15,2.93,1775,615,2.89,38.79%,"11:53 ET"
MRNA,47.61,Put,30.00,01/15/21,259,4.20,4.35,4.50,4.41,604,210,2.88,89.58%,"14:55 ET"
TWTR,27.87,Call,27.50,05/01/20,0,0.41,0.43,0.45,0.44,2814,977,2.88,0.00%,"15:14 ET"
TSLA,703.11,Put,400.00,05/08/20,7,1.84,1.89,1.93,1.90,3811,1323,2.88,219.04%,"15:13 ET"
PFE,37.44,Call,37.00,01/15/21,259,3.35,3.43,3.50,3.39,737,257,2.87,23.98%,"15:00 ET"
AAL,10.8,Call,11.00,05/08/20,7,0.60,0.61,0.62,0.61,5270,1838,2.87,123.58%,"15:23 ET"
AAPL,291.14,Call,310.00,05/08/20,7,0.54,0.55,0.55,0.54,11323,3951,2.87,32.57%,"15:23 ET"
AMD,49.92,Put,44.00,05/08/20,7,0.19,0.2,0.20,0.19,1202,421,2.86,71.00%,"15:22 ET"
GOOGL,1311.81,Call,1320.00,05/01/20,0,4.00,4.4,4.80,3.95,2424,849,2.86,0.00%,"15:22 ET"
GILD,78.44,Put,78.00,05/08/20,7,2.18,2.22,2.25,2.26,738,259,2.85,60.48%,"15:22 ET"
MRNA,47.61,Call,48.00,05/01/20,0,0.35,0.38,0.40,0.30,876,307,2.85,0.00%,"15:11 ET"
V,176.15,Put,172.50,05/08/20,7,2.34,2.38,2.42,2.42,876,310,2.83,42.06%,"15:12 ET"
GOOGL,1311.81,Put,1300.00,05/01/20,0,0.10,0.25,0.40,0.19,2477,875,2.83,0.00%,"15:24 ET"
JPM,93.04,Put,93.50,05/01/20,0,0.52,0.54,0.57,0.49,904,321,2.82,0.00%,"15:29 ET"
DAR,19.63,Call,22.00,05/15/20,14,0.20,0.35,0.50,0.31,500,178,2.81,69.03%,"10:23 ET"
TSLA,703.11,Put,100.00,05/22/20,21,0.20,0.23,0.25,0.23,604,216,2.8,307.41%,"15:08 ET"
BA,134.84,Put,137.00,05/01/20,0,2.64,2.9,3.15,3.01,1809,645,2.8,0.00%,"15:25 ET"
NCLH,14.22,Put,15.00,05/08/20,7,1.60,1.63,1.65,1.65,695,249,2.79,152.55%,"15:16 ET"
SPCE,17.95,Call,16.00,05/08/20,7,2.70,2.76,2.81,3.00,816,292,2.79,217.35%,"15:11 ET"
AMZN,2301.22,Call,2350.00,05/15/20,14,51.80,52.47,53.15,51.82,556,200,2.78,38.76%,"15:24 ET"
TSLA,703.11,Call,870.00,05/08/20,7,2.38,2.52,2.66,2.51,572,206,2.78,95.55%,"15:13 ET"
TSLA,703.11,Call,775.00,05/08/20,7,12.90,13.13,13.35,13.00,1031,371,2.78,93.10%,"15:10 ET"
SQ,62.44,Call,63.00,05/01/20,0,0.14,0.16,0.18,0.16,1497,539,2.78,0.00%,"15:28 ET"
FB,201.34,Put,202.50,05/08/20,7,4.55,4.63,4.70,4.64,2441,878,2.78,37.22%,"15:19 ET"
TSLA,703.11,Put,662.50,05/01/20,0,0.32,0.36,0.40,0.48,614,222,2.77,0.00%,"15:08 ET"
AAPL,291.14,Put,282.50,05/08/20,7,2.92,2.94,2.95,2.92,4416,1596,2.77,40.73%,"15:23 ET"
GME,6.04,Call,7.00,05/08/20,7,0.18,0.2,0.22,0.20,897,325,2.76,151.77%,"15:15 ET"
HTZ,3.54,Put,1.50,05/08/20,7,0.10,0.15,0.20,0.18,923,335,2.76,0.00%,"15:21 ET"
AMC,4.39,Put,4.50,05/08/20,7,0.50,0.53,0.55,0.52,998,362,2.76,197.16%,"15:12 ET"
XOM,43.39,Put,44.50,05/01/20,0,1.24,1.28,1.31,1.33,2275,825,2.76,0.00%,"15:19 ET"
ZM,138.3,Call,135.00,05/01/20,0,4.00,4.15,4.30,3.90,2638,956,2.76,0.00%,"15:16 ET"
TSLA,703.11,Put,755.00,05/01/20,0,48.30,48.78,49.25,48.65,2725,988,2.76,0.00%,"15:11 ET"
TCOM,24.03,Put,15.00,01/21/22,630,1.80,1.85,1.90,1.80,546,199,2.74,53.19%,"14:41 ET"
BA,134.84,Call,139.00,05/15/20,14,6.20,6.25,6.30,6.27,874,319,2.74,79.35%,"15:25 ET"
COST,303.18,Call,305.00,05/08/20,7,4.50,4.6,4.70,4.40,519,190,2.73,31.80%,"15:10 ET"
SHOP,608.42,Put,610.00,05/01/20,0,1.20,1.42,1.65,1.44,854,313,2.73,0.00%,"15:25 ET"
ZM,138.3,Put,137.00,05/01/20,0,0.10,0.15,0.20,0.15,1776,651,2.73,0.00%,"15:20 ET"
ZM,138.3,Put,136.00,05/01/20,0,0.05,0.1,0.15,0.10,2003,733,2.73,0.00%,"15:20 ET"
DAL,24.26,Put,24.00,05/15/20,14,1.36,1.38,1.40,1.36,3714,1360,2.73,80.63%,"15:01 ET"
AMD,49.92,Put,51.00,05/08/20,7,2.03,2.05,2.06,2.07,5132,1880,2.73,59.33%,"15:24 ET"
IVR,2.83,Put,2.00,05/15/20,14,0.15,0.18,0.20,0.15,3170,1167,2.72,243.41%,"15:25 ET"
BA,134.84,Call,150.00,05/08/20,7,1.40,1.44,1.48,1.44,9229,3387,2.72,83.12%,"15:26 ET"
GOOGL,1311.81,Call,1335.00,05/01/20,0,0.60,0.68,0.75,0.31,805,297,2.71,0.00%,"15:14 ET"
WFC,27.44,Call,28.50,05/08/20,7,0.33,0.34,0.35,0.32,1057,390,2.71,46.72%,"15:12 ET"
AMZN,2301.22,Put,2250.00,05/08/20,7,29.40,29.8,30.20,29.47,1889,698,2.71,42.61%,"15:25 ET"
SIX,20.02,Call,35.00,09/18/20,140,0.85,1,1.15,1.09,3616,1335,2.71,87.50%,"15:24 ET"
TSLA,703.11,Call,900.00,05/08/20,7,1.61,1.66,1.70,1.65,6822,2515,2.71,98.87%,"15:13 ET"
C,45.41,Call,50.00,06/19/20,49,2.12,2.15,2.18,2.16,22786,8405,2.71,58.80%,"15:28 ET"
XOM,43.39,Put,42.00,05/15/20,14,1.71,1.73,1.75,1.73,1003,372,2.7,69.20%,"15:17 ET"
RF,10.09,Put,10.00,05/15/20,14,0.49,0.51,0.53,0.50,1163,430,2.7,66.76%,"14:24 ET"
SNAP,16.63,Call,17.00,05/08/20,7,0.40,0.41,0.42,0.41,2799,1038,2.7,62.33%,"15:14 ET"
NFLX,416.67,Call,430.00,05/08/20,7,5.35,5.5,5.65,5.56,3319,1227,2.7,46.04%,"15:15 ET"
MRNA,47.61,Call,55.00,05/08/20,7,0.95,1.03,1.10,1.10,716,266,2.69,128.38%,"15:04 ET"
AAL,10.8,Put,9.00,05/08/20,7,0.22,0.23,0.23,0.23,4611,1713,2.69,150.94%,"15:23 ET"
BP,22.78,Call,16.00,11/20/20,203,7.15,7.28,7.40,7.20,1388,517,2.68,41.80%,"15:29 ET"
BP,22.78,Put,13.00,07/17/20,77,0.19,0.21,0.22,0.22,1600,596,2.68,84.70%,"15:17 ET"
V,176.15,Put,177.50,05/01/20,0,1.30,1.35,1.39,1.32,1705,637,2.68,0.00%,"15:14 ET"
BYND,93.84,Put,98.00,05/01/20,0,4.90,5.05,5.20,5.20,1781,665,2.68,0.00%,"15:27 ET"
ET,7.84,Put,8.00,05/01/20,0,0.16,0.18,0.19,0.18,5262,1967,2.68,0.00%,"15:13 ET"
AAPL,291.14,Call,250.00,01/21/22,630,70.75,71.38,72.00,72.00,5896,2199,2.68,32.12%,"15:23 ET"
TLRY,7.24,Call,4.00,09/18/20,140,3.20,3.25,3.30,3.14,1329,497,2.67,22.68%,"14:50 ET"
AMD,49.92,Call,52.00,05/15/20,14,1.47,1.48,1.49,1.50,1678,628,2.67,56.90%,"15:23 ET"
AAPL,291.14,Call,292.50,05/08/20,7,4.80,4.85,4.90,4.95,6777,2542,2.67,33.61%,"15:23 ET"
ARMK,25.72,Put,25.00,05/15/20,14,1.25,1.45,1.65,1.60,514,193,2.66,94.95%,"11:47 ET"
SHOP,608.42,Put,605.00,05/01/20,0,0.30,0.58,0.85,0.58,580,219,2.65,0.00%,"15:26 ET"
ZM,138.3,Call,155.00,05/08/20,7,1.80,1.85,1.90,1.85,572,217,2.64,90.75%,"15:16 ET"
RCL,41.61,Put,43.00,05/01/20,0,1.32,1.45,1.58,1.54,816,309,2.64,0.00%,"15:21 ET"
NFLX,416.67,Put,400.00,05/08/20,7,3.90,4,4.10,4.01,2754,1044,2.64,46.23%,"15:17 ET"
BA,134.84,Call,145.00,05/08/20,7,2.19,2.22,2.26,2.23,3720,1408,2.64,80.48%,"15:25 ET"
CCL,13.99,Put,15.00,05/01/20,0,0.95,1,1.05,0.95,14701,5593,2.63,0.00%,"15:12 ET"
DAL,24.26,Put,24.50,05/08/20,7,1.19,1.21,1.22,1.19,543,207,2.62,81.68%,"14:59 ET"
GOOGL,1311.81,Call,1340.00,05/01/20,0,0.25,0.35,0.45,0.31,1033,394,2.62,0.00%,"15:22 ET"
SNAP,16.63,Call,17.50,05/08/20,7,0.24,0.25,0.25,0.25,3776,1439,2.62,62.30%,"15:24 ET"
SPCE,17.95,Put,15.50,05/08/20,7,0.96,0.98,1.00,0.99,647,248,2.61,208.24%,"15:24 ET"
HTZ,3.54,Put,2.00,05/08/20,7,0.25,0.28,0.30,0.29,1132,434,2.61,0.00%,"15:23 ET"
ARCT,39.61,Call,40.00,05/15/20,14,3.80,4.1,4.40,4.00,577,222,2.6,136.66%,"15:11 ET"
RIG,1.165,Call,1.50,06/05/20,35,0.12,0.14,0.16,0.14,606,233,2.6,170.05%,"13:42 ET"
TSLA,703.11,Call,795.00,05/08/20,7,9.00,9.18,9.35,9.10,665,257,2.59,92.50%,"15:12 ET"
UBER,28.55,Put,24.00,05/08/20,7,0.22,0.23,0.24,0.23,1331,513,2.59,107.38%,"15:05 ET"
NVDA,284.26,Put,285.00,05/08/20,7,8.05,8.13,8.20,8.00,1157,449,2.58,48.79%,"15:18 ET"
VZ,56.74,Call,56.00,05/08/20,7,1.25,1.27,1.29,1.29,1511,588,2.57,28.95%,"15:12 ET"
PTON,32.05,Put,25.00,01/15/21,259,4.40,4.5,4.60,4.40,4647,1810,2.57,79.93%,"15:21 ET"
C,45.41,Put,45.00,06/19/20,49,3.90,3.93,3.95,3.87,12560,4888,2.57,61.23%,"15:29 ET"
NVDA,284.26,Put,282.50,05/01/20,0,0.25,0.3,0.34,0.27,2644,1036,2.55,0.00%,"15:17 ET"
HAL,9.76,Call,12.00,06/05/20,35,0.31,0.33,0.36,0.34,738,290,2.54,84.51%,"12:14 ET"
CAR,14.06,Put,13.00,05/15/20,14,1.35,1.43,1.50,1.45,2411,950,2.54,182.97%,"14:35 ET"
FANG,39.65,Put,35.00,05/15/20,14,1.90,1.95,2.00,1.90,2137,843,2.53,130.54%,"15:04 ET"
ZM,138.3,Call,140.00,05/01/20,0,0.30,0.32,0.35,0.25,5888,2327,2.53,0.00%,"15:20 ET"
WFC,27.44,Call,26.00,05/01/20,0,1.43,1.45,1.47,1.42,530,210,2.52,0.00%,"15:11 ET"
AGNC,12.29,Call,12.50,05/08/20,7,0.17,0.21,0.24,0.24,624,248,2.52,49.31%,"14:29 ET"
X,7.5,Put,9.00,05/15/20,14,1.59,1.61,1.62,1.35,1241,492,2.52,0.00%,"13:53 ET"
SPCE,17.95,Put,17.00,05/08/20,7,1.65,1.69,1.73,1.71,2177,864,2.52,215.19%,"15:23 ET"
BYND,93.84,Put,96.50,05/01/20,0,2.81,3.43,4.05,2.66,514,205,2.51,0.00%,"15:23 ET"
XOM,43.39,Put,46.50,05/08/20,7,3.45,3.53,3.60,3.40,534,213,2.51,42.82%,"15:13 ET"
GM,20.93,Put,20.00,05/08/20,7,0.70,0.71,0.72,0.70,2594,1035,2.51,94.26%,"15:22 ET"
CVX,89.86,Put,91.00,05/01/20,0,0.45,0.91,1.36,1.14,779,312,2.5,0.00%,"15:10 ET"
INTC,57.97,Call,58.00,05/15/20,14,1.70,1.71,1.73,1.71,1020,408,2.5,38.57%,"15:27 ET"
NVDA,284.26,Put,275.00,05/08/20,7,4.35,4.43,4.50,4.38,1266,507,2.5,53.24%,"15:15 ET"
FB,201.34,Call,205.00,05/08/20,7,3.15,3.18,3.20,3.10,8097,3239,2.5,41.13%,"15:20 ET"
AAPL,291.14,Call,290.00,05/08/20,7,6.15,6.2,6.25,6.30,11637,4660,2.5,34.25%,"15:23 ET"
ROKU,114.5,Put,117.00,05/01/20,0,2.29,2.39,2.48,2.23,1141,458,2.49,0.00%,"15:15 ET"
TSLA,703.11,Call,810.00,05/08/20,7,6.85,7.03,7.20,7.00,860,347,2.48,92.70%,"15:13 ET"
XOM,43.39,Put,41.00,05/15/20,14,1.36,1.37,1.37,1.35,3892,1572,2.48,70.05%,"15:16 ET"
DIS,104.89,Put,102.00,05/08/20,7,2.38,2.4,2.41,2.33,1148,464,2.47,63.77%,"15:16 ET"
FB,201.34,Put,192.50,05/08/20,7,1.44,1.45,1.46,1.42,3225,1305,2.47,42.26%,"15:18 ET"
BAC,22.94,Call,23.00,05/08/20,7,0.65,0.66,0.67,0.68,3583,1449,2.47,57.30%,"15:27 ET"
FB,201.34,Call,202.50,05/01/20,0,0.68,0.7,0.72,0.63,10727,4341,2.47,0.00%,"15:20 ET"
XOM,43.39,Call,40.00,05/08/20,7,3.50,3.63,3.75,3.77,811,330,2.46,72.92%,"14:51 ET"
BA,134.84,Put,140.00,05/08/20,7,9.25,9.4,9.55,9.32,1574,641,2.46,78.67%,"15:23 ET"
GOOG,1314.27,Put,1320.00,05/01/20,0,2.50,2.9,3.30,3.09,767,313,2.45,0.00%,"15:22 ET"
MSFT,175.07,Put,172.50,05/08/20,7,2.32,2.34,2.36,2.20,3299,1345,2.45,34.69%,"15:16 ET"
X,7.5,Call,8.50,05/15/20,14,0.15,0.16,0.17,0.17,3648,1492,2.45,83.55%,"15:18 ET"
JPM,93.04,Call,92.50,05/01/20,0,0.79,0.82,0.85,0.64,917,377,2.43,0.00%,"15:24 ET"
TSLA,703.11,Call,1200.00,05/08/20,7,0.23,0.27,0.30,0.23,2963,1219,2.43,144.74%,"15:14 ET"
AAL,10.8,Put,11.00,05/08/20,7,0.90,0.92,0.93,0.91,4932,2032,2.43,127.42%,"15:20 ET"
AAL,10.8,Put,11.50,05/01/20,0,0.77,0.8,0.83,0.81,14832,6103,2.43,0.00%,"15:20 ET"
MS,38.35,Put,38.00,05/08/20,7,0.97,0.99,1.00,0.98,790,327,2.42,53.53%,"15:10 ET"
JD,41.34,Put,42.00,05/01/20,0,0.62,0.7,0.77,0.65,1339,553,2.42,0.00%,"15:11 ET"
AMD,49.92,Put,50.00,05/08/20,7,1.53,1.54,1.55,1.55,8127,3374,2.41,60.11%,"15:25 ET"
BP,22.78,Call,24.50,05/08/20,7,0.08,0.11,0.13,0.14,613,255,2.4,53.31%,"15:15 ET"
SPWR,6.84,Call,8.00,05/08/20,7,0.11,0.13,0.14,0.15,701,292,2.4,132.33%,"13:51 ET"
TSLA,703.11,Put,300.00,05/08/20,7,0.51,0.63,0.75,0.65,2997,1247,2.4,270.35%,"15:13 ET"
BA,134.84,Put,130.00,05/08/20,7,3.75,3.85,3.95,3.85,3475,1450,2.4,78.04%,"15:27 ET"
AAL,10.8,Call,11.00,08/21/20,112,2.72,2.76,2.80,2.83,5214,2173,2.4,125.52%,"15:16 ET"
INO,10.2,Put,10.50,05/08/20,7,1.30,1.35,1.40,1.34,610,255,2.39,213.13%,"15:24 ET"
XOM,43.39,Put,44.00,05/15/20,14,2.76,2.79,2.81,2.78,2051,862,2.38,70.13%,"15:03 ET"
SPCE,17.95,Put,16.00,05/08/20,7,1.17,1.21,1.24,1.22,4316,1817,2.38,212.03%,"15:27 ET"
AAL,10.8,Put,10.00,05/08/20,7,0.46,0.46,0.47,0.47,7425,3122,2.38,136.28%,"15:23 ET"
MRNA,47.61,Put,45.00,05/08/20,7,1.85,1.95,2.05,1.95,555,234,2.37,122.45%,"15:04 ET"
TGTX,10.99,Call,20.00,06/19/20,49,0.40,0.98,1.55,0.68,999,421,2.37,158.52%,"12:26 ET"
CLX,194.07,Call,195.00,05/01/20,0,0.40,0.45,0.50,0.65,1173,495,2.37,0.00%,"15:12 ET"
CHK,14.65,Call,20.00,01/15/21,259,3.00,3.85,4.70,3.70,2324,979,2.37,107.19%,"15:04 ET"
BA,134.84,Call,135.00,05/01/20,0,0.29,0.32,0.36,0.35,6177,2606,2.37,0.00%,"15:27 ET"
DD,45.06,Put,45.00,10/16/20,168,5.55,5.73,5.90,5.85,1320,559,2.36,49.38%,"14:15 ET"
NVDA,284.26,Call,285.00,05/08/20,7,8.00,8.08,8.15,8.10,791,337,2.35,53.57%,"15:18 ET"
TSLA,703.11,Put,735.00,05/08/20,7,54.45,54.75,55.05,54.60,1039,442,2.35,96.03%,"15:12 ET"
ROKU,114.5,Call,120.00,05/08/20,7,5.80,5.88,5.95,5.90,1364,581,2.35,127.89%,"15:15 ET"
UAL,26.75,Call,29.00,05/08/20,7,0.62,0.63,0.64,0.61,1419,607,2.34,94.45%,"15:14 ET"
FB,201.34,Put,197.50,05/08/20,7,2.61,2.63,2.64,2.67,2425,1036,2.34,39.98%,"15:20 ET"
AAL,10.8,Call,11.50,05/08/20,7,0.42,0.43,0.43,0.42,3405,1464,2.33,121.58%,"15:22 ET"
AAL,10.8,Put,10.00,08/21/20,112,2.60,2.63,2.65,2.61,12179,5231,2.33,133.17%,"15:23 ET"
NVDA,284.26,Put,277.50,05/08/20,7,5.15,5.2,5.25,5.14,709,306,2.32,52.27%,"15:17 ET"
TWTR,27.87,Put,26.50,05/08/20,7,0.43,0.44,0.45,0.45,1224,527,2.32,66.15%,"15:06 ET"
SKT,6.66,Put,6.00,06/19/20,49,0.55,0.6,0.65,0.65,9021,3892,2.32,101.74%,"14:34 ET"
AGNC,12.29,Put,11.50,05/08/20,7,0.08,0.11,0.13,0.13,1036,448,2.31,62.04%,"14:35 ET"
FB,201.34,Put,190.00,05/08/20,7,1.05,1.06,1.06,1.06,4510,1952,2.31,44.11%,"15:18 ET"
AMZN,2301.22,Put,2335.00,05/01/20,0,29.50,30.45,31.40,30.45,549,239,2.3,0.00%,"15:16 ET"
AMAT,46.75,Put,37.50,05/15/20,14,0.28,0.3,0.32,0.32,806,352,2.29,88.33%,"11:42 ET"
AMZN,2301.22,Put,2315.00,05/01/20,0,14.25,14.75,15.25,14.10,888,387,2.29,0.00%,"15:23 ET"
FB,201.34,Call,205.00,05/01/20,0,0.11,0.12,0.13,0.12,18991,8304,2.29,0.00%,"15:20 ET"
SYY,53.18,Put,53.50,05/01/20,0,0.50,0.7,0.90,0.75,501,221,2.27,0.00%,"14:11 ET"
FB,201.34,Call,210.00,12/18/20,231,19.50,19.83,20.15,19.45,787,347,2.27,35.00%,"14:23 ET"
UAL,26.75,Call,27.00,05/08/20,7,1.28,1.3,1.31,1.33,861,379,2.27,96.28%,"15:06 ET"
TSLA,703.11,Put,770.00,05/08/20,7,77.65,78.13,78.60,77.44,933,411,2.27,90.10%,"15:12 ET"
TSLA,703.11,Put,645.00,05/01/20,0,0.08,0.14,0.19,0.13,990,436,2.27,0.00%,"15:11 ET"
TWTR,27.87,Put,26.00,05/08/20,7,0.30,0.31,0.32,0.31,1052,464,2.27,65.69%,"15:07 ET"
CCL,13.99,Call,14.50,05/08/20,7,0.65,0.68,0.70,0.66,1166,513,2.27,112.12%,"15:07 ET"
C,45.41,Put,45.50,05/01/20,0,0.31,0.33,0.35,0.36,1370,603,2.27,0.00%,"15:15 ET"
C,45.41,Put,45.00,05/08/20,7,1.50,1.52,1.53,1.43,1858,817,2.27,62.30%,"15:29 ET"
TTD,277.8,Put,270.00,05/01/20,0,0.10,0.15,0.20,0.12,982,434,2.26,0.00%,"15:11 ET"
ROKU,114.5,Put,114.00,05/01/20,0,0.27,0.3,0.32,0.32,1363,604,2.26,0.00%,"15:20 ET"
MGM,15.14,Put,16.00,05/08/20,7,1.30,1.33,1.35,1.30,4148,1836,2.26,96.33%,"15:12 ET"
FB,201.34,Call,207.50,05/08/20,7,2.11,2.13,2.14,2.22,4666,2067,2.26,40.65%,"15:18 ET"
BYD,16.04,Put,16.00,06/19/20,49,1.90,1.95,2.00,2.00,508,226,2.25,86.35%,"12:36 ET"
ATVI,64.56,Put,63.00,05/01/20,0,0.00,0.01,0.02,0.12,573,255,2.25,0.00%,"12:17 ET"
TSLA,703.11,Put,745.00,05/15/20,14,72.15,72.45,72.75,69.80,618,275,2.25,84.34%,"14:40 ET"
MGM,15.14,Call,18.00,06/19/20,49,0.95,0.98,1.00,0.95,5503,2449,2.25,85.15%,"15:12 ET"
TSLA,703.11,Call,940.00,05/08/20,7,0.93,1,1.07,1.00,855,382,2.24,103.69%,"15:13 ET"
SQ,62.44,Call,62.50,05/01/20,0,0.34,0.39,0.43,0.47,870,390,2.23,0.00%,"15:28 ET"
MGM,15.14,Call,15.50,05/08/20,7,0.56,0.58,0.60,0.58,930,417,2.23,85.87%,"15:14 ET"
JPM,93.04,Put,94.00,05/01/20,0,0.87,0.92,0.96,1.17,1210,542,2.23,0.00%,"15:24 ET"
BAC,22.94,Call,23.50,05/08/20,7,0.43,0.44,0.44,0.44,4510,2020,2.23,54.42%,"15:27 ET"
SPCE,17.95,Call,16.00,05/01/20,0,1.66,1.71,1.76,1.68,667,301,2.22,0.00%,"15:27 ET"
WYNN,81.38,Put,75.00,05/08/20,7,1.62,1.71,1.80,1.60,748,337,2.22,95.57%,"15:00 ET"
DAL,24.26,Call,25.00,05/08/20,7,0.72,0.73,0.73,0.70,3623,1630,2.22,73.52%,"15:14 ET"
CNX,10.21,Put,7.00,10/16/20,168,0.84,0.95,1.05,0.95,529,239,2.21,97.51%,"14:12 ET"
AMZN,2301.22,Put,2325.00,05/01/20,0,21.40,21.98,22.55,23.62,1073,486,2.21,0.00%,"15:23 ET"
ZM,138.3,Put,139.00,05/01/20,0,0.55,0.6,0.65,0.60,1163,526,2.21,0.00%,"15:18 ET"
TSLA,703.11,Call,890.00,05/08/20,7,1.75,1.9,2.04,1.80,811,369,2.2,96.83%,"15:06 ET"
SHOP,608.42,Put,590.00,05/01/20,0,0.10,0.18,0.25,0.15,1188,541,2.2,0.00%,"15:22 ET"
AMZN,2301.22,Call,2420.00,05/01/20,0,0.01,0.09,0.17,0.10,1825,829,2.2,0.00%,"15:12 ET"
CHK,14.65,Put,13.00,07/17/20,77,6.55,7.55,8.55,7.21,2135,972,2.2,352.05%,"11:35 ET"
CCL,13.99,Put,14.50,05/15/20,14,1.45,1.53,1.60,1.53,582,266,2.19,114.67%,"14:57 ET"
OXY,15.14,Put,15.50,05/01/20,0,0.33,0.37,0.40,0.39,1496,684,2.19,0.00%,"15:11 ET"
NVDA,284.26,Call,282.50,05/01/20,0,2.60,2.72,2.83,2.93,1596,730,2.19,0.00%,"15:18 ET"
I,1.2621,Put,2.00,05/15/20,14,0.80,0.88,0.95,0.80,2178,993,2.19,242.16%,"15:20 ET"
MA,267.48,Call,267.50,05/01/20,0,1.03,1.1,1.16,1.02,521,239,2.18,0.00%,"15:07 ET"
WMT,123.07,Call,123.00,05/08/20,7,1.84,1.92,1.99,2.05,795,364,2.18,30.62%,"15:15 ET"
CCL,13.99,Put,14.50,05/08/20,7,1.15,1.2,1.25,1.20,1542,706,2.18,119.11%,"15:07 ET"
WORK,26.25,Call,26.50,05/08/20,7,0.85,0.9,0.95,0.90,537,247,2.17,69.84%,"15:09 ET"
SBUX,73.71,Put,74.00,05/15/20,14,2.78,2.82,2.86,2.82,691,319,2.17,46.84%,"15:13 ET"
GOOG,1314.27,Put,1300.00,05/08/20,7,15.30,15.6,15.90,17.50,1063,490,2.17,36.84%,"15:14 ET"
ZM,138.3,Call,136.00,05/01/20,0,2.65,3.03,3.40,2.98,1249,576,2.17,0.00%,"15:20 ET"
ZS,66.54,Call,70.00,06/19/20,49,5.00,5.05,5.10,5.10,1454,669,2.17,67.27%,"15:17 ET"
TSLA,703.11,Put,720.00,05/15/20,14,58.40,58.7,59.00,58.72,1743,803,2.17,92.36%,"15:11 ET"
MU,45.17,Put,45.00,05/01/20,0,0.05,0.06,0.07,0.10,2327,1073,2.17,0.00%,"15:11 ET"
TSLA,703.11,Call,855.00,05/08/20,7,3.15,3.25,3.35,3.15,575,266,2.16,94.10%,"15:06 ET"
UAL,26.75,Put,22.00,05/08/20,7,0.18,0.19,0.20,0.19,707,328,2.16,113.39%,"15:13 ET"
CSCO,41.03,Call,42.50,05/08/20,7,0.29,0.31,0.32,0.30,1006,465,2.16,36.04%,"15:06 ET"
GE,6.44,Put,6.00,07/17/20,77,0.52,0.53,0.53,0.54,10612,4919,2.16,65.82%,"15:01 ET"
AAL,10.8,Put,11.50,05/08/20,7,1.22,1.23,1.24,1.23,3579,1664,2.15,127.41%,"15:23 ET"
TSLA,703.11,Put,500.00,05/22/20,21,10.95,11.23,11.50,11.25,526,246,2.14,126.02%,"15:11 ET"
AMZN,2301.22,Put,2390.00,05/01/20,0,82.25,82.95,83.65,85.44,902,422,2.14,0.00%,"15:16 ET"
INO,10.2,Call,10.00,05/08/20,7,1.20,1.28,1.35,1.30,910,426,2.14,208.76%,"15:23 ET"
WMT,123.07,Call,123.00,05/01/20,0,0.29,0.32,0.36,0.46,1639,766,2.14,0.00%,"15:16 ET"
BAC,22.94,Put,21.50,05/08/20,7,0.23,0.24,0.24,0.23,2609,1222,2.14,59.27%,"15:24 ET"
AAPL,291.14,Put,290.00,05/15/20,14,7.75,7.8,7.85,7.78,11754,5495,2.14,37.69%,"15:23 ET"
RCL,41.61,Call,55.00,06/19/20,49,2.22,2.26,2.29,2.26,1066,501,2.13,100.88%,"15:18 ET"
JNPR,21.65,Call,22.00,05/08/20,7,0.34,0.37,0.39,0.35,2138,1010,2.12,40.73%,"15:21 ET"
TSLA,703.11,Put,690.00,05/08/20,7,32.90,33.15,33.40,34.00,2625,1241,2.12,107.44%,"15:14 ET"
TSLA,703.11,Call,830.00,05/08/20,7,4.80,4.9,5.00,4.95,810,384,2.11,93.38%,"15:12 ET"
PTON,32.05,Put,25.00,06/19/20,49,1.31,1.35,1.39,1.27,889,422,2.11,91.64%,"14:40 ET"
XOM,43.39,Put,43.00,05/08/20,7,1.26,1.28,1.29,1.30,1608,761,2.11,59.51%,"15:19 ET"
SDC,7.05,Put,8.00,05/01/20,0,0.85,0.93,1.00,0.95,636,303,2.1,0.00%,"14:54 ET"
C,45.41,Call,45.00,05/08/20,7,1.87,1.89,1.91,1.93,1121,533,2.1,72.32%,"15:11 ET"
AMZN,2301.22,Put,2300.00,05/08/20,7,49.65,50.38,51.10,50.90,1865,888,2.1,43.16%,"15:24 ET"
CNX,10.21,Call,9.00,05/15/20,14,1.42,1.52,1.61,1.35,500,239,2.09,76.72%,"12:14 ET"
SHOP,608.42,Call,635.00,05/01/20,0,0.00,0.2,0.40,0.20,657,315,2.09,0.00%,"15:24 ET"
PTON,32.05,Put,25.00,05/08/20,7,0.38,0.4,0.42,0.41,964,462,2.09,158.28%,"15:15 ET"
PE,8.77,Put,10.00,01/21/22,630,3.20,3.8,4.40,3.80,1100,527,2.09,69.93%,"12:27 ET"
BA,134.84,Put,105.00,05/08/20,7,0.18,0.19,0.19,0.20,1210,578,2.09,95.89%,"15:25 ET"
ZM,138.3,Put,125.00,05/08/20,7,2.10,2.2,2.30,2.20,1085,521,2.08,95.65%,"15:18 ET"
UBER,28.55,Put,28.50,05/15/20,14,1.90,1.92,1.93,1.90,1684,810,2.08,87.22%,"15:03 ET"
NVDA,284.26,Put,280.00,05/01/20,0,0.10,0.11,0.12,0.10,5311,2548,2.08,0.00%,"15:18 ET"
MAR,84.97,Put,85.00,05/01/20,0,0.50,0.58,0.65,0.56,697,336,2.07,0.00%,"15:13 ET"
CCL,13.99,Put,13.50,05/08/20,7,0.65,0.68,0.70,0.69,1564,757,2.07,121.77%,"15:07 ET"
TSLA,703.11,Call,950.00,05/08/20,7,0.89,0.94,0.98,0.88,2083,1005,2.07,104.74%,"15:14 ET"
AYX,104.34,Call,150.00,01/15/21,259,7.90,8.65,9.40,8.70,625,303,2.06,59.36%,"14:10 ET"
SIX,20.02,Put,20.00,05/15/20,14,1.65,1.7,1.75,1.75,894,435,2.06,109.59%,"15:24 ET"
ADVM,11.9,Call,12.50,05/15/20,14,0.70,0.92,1.15,1.15,1721,835,2.06,149.82%,"15:12 ET"
UBER,28.55,Put,29.50,05/01/20,0,0.93,0.95,0.97,0.97,1892,920,2.06,0.00%,"15:15 ET"
WFC,27.44,Call,29.00,05/08/20,7,0.21,0.22,0.23,0.22,1969,956,2.06,48.12%,"15:00 ET"
SPCE,17.95,Call,19.00,05/08/20,7,1.41,1.44,1.47,1.45,2536,1232,2.06,199.82%,"15:25 ET"
AAPL,291.14,Call,287.50,05/01/20,0,3.90,4.03,4.15,4.25,6999,3405,2.06,0.00%,"15:23 ET"
SQ,62.44,Put,62.00,05/08/20,7,3.00,3.05,3.10,3.05,530,258,2.05,99.43%,"15:25 ET"
SHOP,608.42,Put,595.00,05/01/20,0,0.10,0.25,0.40,0.29,567,277,2.05,0.00%,"15:22 ET"
TSLA,703.11,Put,720.00,05/08/20,7,46.20,46.5,46.80,46.40,2468,1204,2.05,98.70%,"15:12 ET"
TSLA,703.11,Call,840.00,05/08/20,7,4.05,4.13,4.20,4.00,1159,569,2.04,92.86%,"15:13 ET"
ZM,138.3,Put,135.00,05/08/20,7,5.10,5.15,5.20,5.10,1545,759,2.04,88.53%,"15:20 ET"
NAT,6.11,Put,5.50,06/19/20,49,1.00,1.05,1.10,1.05,2772,1359,2.04,160.90%,"15:13 ET"
TER,57.26,Put,55.00,06/19/20,49,3.20,3.35,3.50,3.60,561,277,2.03,59.26%,"14:04 ET"
TSLA,703.11,Call,1000.00,05/08/20,7,0.55,0.6,0.65,0.60,4771,2347,2.03,113.20%,"15:13 ET"
GOOG,1314.27,Call,1350.00,06/19/20,49,44.80,46.1,47.40,47.00,524,259,2.02,30.56%,"14:56 ET"
BABA,193.86,Put,195.00,05/01/20,0,0.91,0.94,0.97,0.91,4414,2189,2.02,0.00%,"15:26 ET"
AMAT,46.75,Put,39.00,06/19/20,49,1.43,1.46,1.50,1.53,636,316,2.01,71.43%,"13:35 ET"
GOOG,1314.27,Call,1330.00,05/01/20,0,1.00,1.33,1.65,1.12,709,355,2,0.00%,"15:22 ET"
PINS,19.89,Put,18.00,05/08/20,7,0.65,0.7,0.75,0.70,858,428,2,140.86%,"15:17 ET"
ROKU,114.5,Put,116.00,05/01/20,0,1.38,1.49,1.60,1.50,1422,710,2,0.00%,"15:24 ET"
SPCE,17.95,Call,17.00,05/01/20,0,0.71,0.76,0.81,0.74,5139,2564,2,0.00%,"15:27 ET"
GILD,78.44,Call,79.00,05/08/20,7,2.52,2.55,2.57,2.53,719,362,1.99,60.92%,"15:23 ET"
FSM,3.06,Put,3.00,06/19/20,49,0.30,0.38,0.45,0.35,1772,890,1.99,88.48%,"14:12 ET"
MU,45.17,Call,46.00,05/08/20,7,1.13,1.15,1.17,1.15,1776,894,1.99,60.38%,"15:16 ET"
CLVS,7.08,Call,10.00,06/19/20,49,0.65,0.78,0.90,0.75,2063,1043,1.98,152.15%,"14:43 ET"
BA,134.84,Put,133.00,05/01/20,0,0.27,0.28,0.29,0.27,2131,1076,1.98,0.00%,"15:25 ET"
STNG,20.85,Call,30.00,06/19/20,49,1.50,1.63,1.75,1.65,3568,1802,1.98,137.59%,"15:27 ET"
CCL,13.99,Put,10.00,05/22/20,21,0.25,0.28,0.30,0.30,2183,1108,1.97,136.36%,"14:36 ET"
AAL,10.8,Put,9.00,06/19/20,49,1.28,1.29,1.30,1.28,6023,3062,1.97,143.00%,"15:15 ET"
TTMI,10.81,Call,10.00,06/19/20,49,1.35,1.48,1.60,1.40,927,472,1.96,62.21%,"12:07 ET"
NFLX,416.67,Put,425.00,05/01/20,0,6.95,7.28,7.60,7.16,3512,1796,1.96,0.00%,"15:16 ET"
NFLX,416.67,Put,430.00,05/01/20,0,12.05,12.23,12.40,12.09,1154,591,1.95,0.00%,"15:16 ET"
TSLA,703.11,Put,740.00,05/08/20,7,57.35,57.7,58.05,57.88,1381,709,1.95,96.05%,"15:10 ET"
BA,134.84,Put,110.00,05/08/20,7,0.32,0.33,0.34,0.34,1589,814,1.95,89.09%,"15:26 ET"
AMZN,2301.22,Call,2450.00,05/08/20,7,13.75,14.1,14.45,14.38,765,394,1.94,46.17%,"15:20 ET"
NFLX,416.67,Call,445.00,05/08/20,7,2.42,2.49,2.55,2.55,1009,519,1.94,48.18%,"15:17 ET"
ZM,138.3,Put,130.00,05/08/20,7,3.30,3.35,3.40,3.50,1688,871,1.94,93.40%,"15:20 ET"
ROKU,114.5,Call,115.00,05/08/20,7,7.85,7.9,7.95,7.88,572,297,1.93,126.66%,"15:21 ET"
BA,134.84,Put,136.00,05/08/20,7,6.60,6.8,7.00,6.82,763,395,1.93,78.53%,"15:25 ET"
BAC,22.94,Call,23.00,05/29/20,28,1.25,1.29,1.32,1.31,802,415,1.93,53.25%,"15:14 ET"
GILD,78.44,Put,70.00,05/08/20,7,0.22,0.23,0.23,0.22,1104,573,1.93,60.17%,"15:19 ET"
TLRY,7.24,Call,8.00,05/08/20,7,0.32,0.33,0.34,0.34,2520,1306,1.93,155.78%,"15:11 ET"
FB,201.34,Put,195.00,05/22/20,21,4.45,4.55,4.65,4.60,537,280,1.92,39.35%,"15:17 ET"
GOOG,1314.27,Call,1340.00,05/01/20,0,0.35,0.48,0.60,0.35,617,322,1.92,0.00%,"15:21 ET"
AAPL,291.14,Put,297.50,05/15/20,14,11.60,11.65,11.70,11.45,908,474,1.92,35.51%,"15:22 ET"
IBM,121.82,Call,110.00,05/01/20,0,11.40,11.65,11.90,11.80,1095,569,1.92,0.00%,"14:08 ET"
GILD,78.44,Put,74.00,05/08/20,7,0.76,0.82,0.87,0.82,513,269,1.91,59.58%,"15:19 ET"
GILD,78.44,Call,78.00,05/08/20,7,2.97,3.01,3.05,2.98,552,289,1.91,59.81%,"15:22 ET"
AMD,49.92,Call,48.00,05/08/20,7,2.90,2.92,2.93,2.96,656,344,1.91,59.12%,"15:19 ET"
MSFT,175.07,Call,170.00,05/08/20,7,6.85,6.9,6.95,6.90,2653,1389,1.91,40.34%,"15:14 ET"
SNAP,16.63,Put,16.00,05/08/20,7,0.32,0.33,0.33,0.32,4757,2486,1.91,64.33%,"15:25 ET"
TSLA,703.11,Put,500.00,05/29/20,28,13.40,13.55,13.70,13.60,724,381,1.9,115.89%,"15:14 ET"
TWTR,27.87,Put,28.50,05/08/20,7,1.31,1.33,1.35,1.32,968,513,1.89,63.16%,"15:10 ET"
AAL,10.8,Put,9.50,05/08/20,7,0.32,0.33,0.33,0.33,2391,1267,1.89,143.00%,"15:22 ET"
TSLA,703.11,Put,655.00,05/08/20,7,22.15,22.4,22.65,22.10,620,329,1.88,113.92%,"15:12 ET"
SHOP,608.42,Put,500.00,05/08/20,7,5.40,5.75,6.10,6.00,623,332,1.88,126.00%,"15:22 ET"
BA,134.84,Call,142.00,05/08/20,7,2.89,2.92,2.94,2.97,849,451,1.88,80.10%,"15:22 ET"
AMZN,2301.22,Put,2000.00,05/08/20,7,1.84,1.9,1.95,1.95,1131,601,1.88,55.27%,"15:24 ET"
MRNA,47.61,Call,50.00,05/08/20,7,2.15,2.2,2.25,2.26,1598,848,1.88,121.14%,"15:12 ET"
PINS,19.89,Call,23.00,05/08/20,7,0.40,0.45,0.50,0.47,802,429,1.87,130.10%,"14:56 ET"
AAPL,291.14,Put,277.50,05/08/20,7,1.88,1.89,1.90,1.90,2468,1322,1.87,42.68%,"15:23 ET"
BAC,22.94,Call,24.00,05/08/20,7,0.27,0.28,0.28,0.28,4157,2227,1.87,53.61%,"15:27 ET"
SBUX,73.71,Put,75.00,05/01/20,0,1.19,1.23,1.27,1.22,5829,3120,1.87,0.00%,"15:24 ET"
AMD,49.92,Put,51.00,05/01/20,0,0.89,0.91,0.93,0.95,9839,5251,1.87,0.00%,"15:25 ET"
AAL,10.8,Put,10.00,06/19/20,49,1.71,1.73,1.74,1.72,13676,7301,1.87,138.17%,"15:23 ET"
HAL,9.76,Put,9.50,05/15/20,14,0.58,0.59,0.60,0.61,738,397,1.86,96.18%,"15:20 ET"
NVDA,284.26,Put,270.00,05/08/20,7,3.15,3.2,3.25,3.24,862,464,1.86,56.00%,"15:17 ET"
SBUX,73.71,Call,87.50,07/17/20,77,0.89,0.91,0.92,0.86,1380,740,1.86,33.58%,"14:06 ET"
AMD,49.92,Put,45.00,05/08/20,7,0.27,0.28,0.28,0.27,3086,1661,1.86,68.16%,"15:24 ET"
AAPL,291.14,Call,335.00,06/19/20,49,1.26,1.29,1.31,1.29,3188,1715,1.86,27.75%,"15:16 ET"
FB,201.34,Call,215.00,05/08/20,7,0.60,0.62,0.63,0.61,4879,2619,1.86,38.52%,"15:19 ET"
OXY,15.14,Put,14.00,05/15/20,14,0.88,0.89,0.90,0.92,10573,5693,1.86,125.79%,"15:06 ET"
F,4.94,Call,4.50,05/08/20,7,0.50,0.51,0.52,0.50,509,275,1.85,75.87%,"15:19 ET"
FB,201.34,Put,197.50,05/15/20,14,4.10,4.15,4.20,4.20,1419,769,1.85,38.72%,"15:17 ET"
BA,134.84,Put,136.00,05/01/20,0,2.05,2.21,2.37,1.92,3157,1708,1.85,0.00%,"15:27 ET"
GS,177.68,Call,190.00,07/17/20,77,8.60,8.77,8.95,8.90,520,282,1.84,41.91%,"12:27 ET"
MRNA,47.61,Call,49.00,05/01/20,0,0.05,0.1,0.15,0.10,605,328,1.84,0.00%,"15:08 ET"
NFLX,416.67,Call,415.00,05/08/20,7,11.35,11.68,12.00,11.71,741,403,1.84,46.01%,"15:16 ET"
TGTX,10.99,Call,12.00,06/19/20,49,2.20,2.75,3.30,2.97,1008,549,1.84,207.12%,"12:26 ET"
ROKU,114.5,Put,113.00,05/01/20,0,0.10,0.12,0.13,0.10,1211,658,1.84,0.00%,"15:16 ET"
ERI,19.05,Put,20.00,05/15/20,14,2.50,2.58,2.65,2.60,2174,1184,1.84,144.68%,"15:14 ET"
NFLX,416.67,Call,550.00,05/08/20,7,0.11,0.16,0.20,0.13,2632,1431,1.84,81.74%,"15:03 ET"
TSLA,703.11,Call,715.00,05/15/20,14,47.40,47.68,47.95,46.15,560,306,1.83,91.30%,"15:09 ET"
NSC,169.38,Call,190.00,06/19/20,49,1.05,1.8,2.55,2.02,714,391,1.83,33.10%,"14:52 ET"
WORK,26.25,Call,27.50,05/08/20,7,0.50,0.55,0.60,0.55,909,496,1.83,71.27%,"15:13 ET"
CCL,13.99,Put,14.00,05/08/20,7,0.90,0.93,0.95,0.90,2457,1346,1.83,117.33%,"15:12 ET"
BP,22.78,Put,18.00,10/16/20,168,1.35,1.47,1.59,1.40,596,328,1.82,60.01%,"14:43 ET"
AAPL,291.14,Put,295.00,06/19/20,49,16.50,16.58,16.65,16.25,927,508,1.82,34.31%,"15:15 ET"
ZM,138.3,Call,150.00,05/08/20,7,2.80,2.85,2.90,2.85,1059,582,1.82,90.49%,"15:19 ET"
WMB,18.49,Call,23.00,08/21/20,112,0.46,0.53,0.60,0.57,1622,892,1.82,45.66%,"11:53 ET"
BB,4.03,Call,4.00,05/08/20,7,0.16,0.18,0.20,0.18,533,294,1.81,68.91%,"14:42 ET"
MRO,5.53,Call,3.00,01/15/21,259,2.95,3.03,3.10,3.07,1535,846,1.81,109.81%,"15:13 ET"
LUV,29.37,Put,30.00,09/18/20,140,5.20,5.3,5.40,5.32,1889,1043,1.81,70.27%,"15:13 ET"
GOOG,1314.27,Put,1350.00,06/19/20,49,73.00,74.65,76.30,77.87,506,281,1.8,32.54%,"14:23 ET"
MU,45.17,Put,45.50,05/01/20,0,0.25,0.26,0.27,0.24,1019,566,1.8,0.00%,"15:15 ET"
W,122.47,Put,120.00,05/01/20,0,0.15,0.22,0.30,0.22,1025,570,1.8,0.00%,"15:11 ET"
BA,134.84,Put,139.00,05/01/20,0,4.85,4.95,5.05,4.93,1690,937,1.8,0.00%,"15:25 ET"
TSLA,703.11,Put,695.00,05/01/20,0,3.10,3.3,3.50,3.40,6994,3892,1.8,0.00%,"15:13 ET"
HPQ,14.69,Put,13.50,05/15/20,14,0.12,0.16,0.21,0.20,537,300,1.79,56.50%,"14:31 ET"
JACK,59.78,Put,60.00,05/15/20,14,3.40,3.65,3.90,3.70,690,386,1.79,75.77%,"15:26 ET"
TWTR,27.87,Call,28.50,05/08/20,7,0.70,0.72,0.73,0.72,829,464,1.79,64.02%,"15:12 ET"
WMT,123.07,Call,125.00,05/08/20,7,1.07,1.11,1.14,1.20,2012,1121,1.79,30.21%,"15:18 ET"
LUV,29.37,Put,30.00,05/01/20,0,0.65,0.73,0.80,0.69,4139,2308,1.79,0.00%,"15:12 ET"
TSLA,703.11,Call,725.00,05/15/20,14,42.50,42.78,43.05,43.40,501,282,1.78,93.94%,"15:02 ET"
NVDA,284.26,Put,290.00,05/08/20,7,10.60,10.7,10.80,10.56,545,307,1.78,46.63%,"15:15 ET"
BYND,93.84,Put,93.50,05/01/20,0,0.64,0.7,0.76,0.74,759,426,1.78,0.00%,"15:23 ET"
NFLX,416.67,Call,410.00,05/08/20,7,14.50,14.73,14.95,14.19,760,426,1.78,44.60%,"15:13 ET"
AAPL,291.14,Call,320.00,05/08/20,7,0.19,0.2,0.20,0.19,5565,3128,1.78,36.26%,"15:23 ET"
WMT,123.07,Call,122.00,05/15/20,14,3.35,3.38,3.40,3.35,507,287,1.77,29.68%,"15:17 ET"
UBER,28.55,Call,29.00,05/08/20,7,1.36,1.38,1.40,1.39,522,295,1.77,100.23%,"15:11 ET"
JNPR,21.65,Call,24.00,06/19/20,49,0.27,0.3,0.32,0.33,528,299,1.77,33.60%,"15:22 ET"
CCL,13.99,Call,16.00,05/29/20,28,0.80,0.88,0.95,0.90,567,321,1.77,103.62%,"13:32 ET"
LUV,29.37,Call,30.50,05/15/20,14,1.15,1.17,1.20,1.22,632,357,1.77,72.51%,"15:09 ET"
NFLX,416.67,Call,420.00,05/08/20,7,8.90,9.15,9.40,9.20,1579,893,1.77,45.59%,"15:16 ET"
BYND,93.84,Call,100.00,05/08/20,7,4.65,4.73,4.80,4.70,2133,1202,1.77,143.44%,"15:27 ET"
TWTR,27.87,Call,30.00,05/08/20,7,0.28,0.29,0.30,0.29,4455,2522,1.77,63.56%,"15:14 ET"
NFLX,416.67,Call,480.00,05/08/20,7,0.58,0.62,0.66,0.62,669,380,1.76,58.60%,"14:57 ET"
BA,134.84,Call,134.00,05/01/20,0,0.67,0.76,0.84,0.76,886,503,1.76,0.00%,"15:27 ET"
BA,134.84,Put,138.00,05/08/20,7,7.90,8.08,8.25,7.55,1150,653,1.76,72.11%,"14:57 ET"
X,7.5,Put,8.00,05/01/20,0,0.49,0.52,0.55,0.49,2419,1371,1.76,0.00%,"15:11 ET"
ROKU,114.5,Put,115.00,05/01/20,0,0.64,0.68,0.72,0.74,3418,1941,1.76,0.00%,"15:24 ET"
C,45.41,Call,45.00,06/19/20,49,4.30,4.35,4.40,4.40,12113,6889,1.76,64.49%,"15:05 ET"
BYND,93.84,Put,97.00,05/01/20,0,3.25,3.9,4.55,4.02,615,352,1.75,0.00%,"15:22 ET"
TWOU,24.26,Call,30.00,06/19/20,49,0.60,0.68,0.75,0.70,821,470,1.75,66.31%,"12:58 ET"
EQT,14.35,Call,15.00,05/15/20,14,0.65,0.75,0.85,0.60,1002,572,1.75,77.24%,"14:18 ET"
V,176.15,Put,175.00,05/01/20,0,0.20,0.22,0.24,0.22,2087,1193,1.75,0.00%,"15:15 ET"
TWTR,27.87,Call,29.00,05/08/20,7,0.52,0.54,0.55,0.53,2387,1363,1.75,62.94%,"15:10 ET"
GE,6.44,Call,7.50,05/22/20,21,0.09,0.1,0.10,0.10,2294,1317,1.74,66.23%,"15:20 ET"
BA,134.84,Put,135.00,05/08/20,7,6.20,6.28,6.35,6.20,2329,1337,1.74,77.69%,"15:26 ET"
AAPL,291.14,Put,295.00,05/08/20,7,8.05,8.08,8.10,8.00,18723,10759,1.74,37.73%,"15:21 ET"
NCLH,14.22,Put,12.00,05/08/20,7,0.30,0.35,0.40,0.35,714,412,1.73,157.12%,"15:13 ET"
PTON,32.05,Put,25.00,05/15/20,14,0.68,0.7,0.72,0.68,6451,3727,1.73,132.82%,"14:55 ET"
V,176.15,Put,180.00,05/01/20,0,3.55,3.63,3.70,3.65,1695,983,1.72,0.00%,"15:14 ET"
SDC,7.05,Call,7.50,05/08/20,7,0.30,0.38,0.45,0.39,2180,1270,1.72,141.96%,"15:23 ET"
INO,10.2,Put,9.50,05/08/20,7,0.75,0.8,0.85,0.80,789,462,1.71,209.87%,"15:24 ET"
MU,45.17,Call,47.00,05/08/20,7,0.75,0.77,0.78,0.73,964,564,1.71,57.34%,"15:08 ET"
BIDU,95.57,Put,70.00,01/15/21,259,4.40,4.5,4.60,4.54,1290,753,1.71,51.09%,"15:20 ET"
TSLA,703.11,Call,790.00,05/08/20,7,9.85,10,10.15,10.20,2041,1192,1.71,93.46%,"15:04 ET"
DIS,104.89,Put,105.00,05/01/20,0,0.30,0.32,0.35,0.26,5155,3006,1.71,0.00%,"15:17 ET"
AMD,49.92,Put,50.00,05/01/20,0,0.12,0.13,0.14,0.14,22582,13173,1.71,0.00%,"15:25 ET"
WFC,27.44,Put,25.50,05/15/20,14,0.68,0.69,0.69,0.65,632,372,1.7,68.94%,"14:50 ET"
NCLH,14.22,Call,14.00,05/01/20,0,0.10,0.15,0.20,0.22,940,552,1.7,0.00%,"15:12 ET"
PINS,19.89,Call,23.50,05/08/20,7,0.30,0.35,0.40,0.35,1006,591,1.7,125.81%,"13:52 ET"
MSFT,175.07,Put,170.00,05/08/20,7,1.56,1.58,1.59,1.60,5676,3345,1.7,37.56%,"15:15 ET"
FB,201.34,Put,187.50,05/08/20,7,0.77,0.79,0.80,0.81,1159,684,1.69,46.32%,"15:17 ET"
C,45.41,Put,46.00,05/01/20,0,0.67,0.71,0.75,0.71,1641,973,1.69,0.00%,"15:26 ET"
NCLH,14.22,Put,13.00,05/08/20,7,0.55,0.63,0.70,0.55,501,299,1.68,140.43%,"14:48 ET"
ZM,138.3,Put,115.00,05/08/20,7,0.85,0.9,0.95,0.91,559,333,1.68,106.06%,"15:15 ET"
NCLH,14.22,Put,15.50,05/01/20,0,1.30,1.43,1.55,1.25,573,342,1.68,0.00%,"15:15 ET"
XOM,43.39,Put,20.00,06/19/20,49,0.13,0.14,0.15,0.15,810,481,1.68,113.74%,"15:05 ET"
TTD,277.8,Put,280.00,05/01/20,0,1.95,2.48,3.00,2.40,1108,659,1.68,0.00%,"15:10 ET"
SBUX,73.71,Call,75.00,07/17/20,77,4.60,4.68,4.75,4.70,3326,1974,1.68,38.39%,"15:21 ET"
AAPL,291.14,Put,295.00,05/15/20,14,10.20,10.23,10.25,10.15,4569,2717,1.68,36.43%,"15:22 ET"
MA,267.48,Put,267.50,05/01/20,0,0.81,0.86,0.91,0.77,513,308,1.67,0.00%,"15:15 ET"
UAL,26.75,Put,27.50,05/01/20,0,0.74,0.77,0.79,0.80,737,442,1.67,0.00%,"15:14 ET"
GILD,78.44,Put,78.50,05/01/20,0,0.20,0.23,0.26,0.22,948,569,1.67,0.00%,"15:19 ET"
INO,10.2,Call,10.00,05/01/20,0,0.25,0.33,0.40,0.35,2061,1233,1.67,0.00%,"15:14 ET"
MAR,84.97,Put,70.00,05/15/20,14,0.95,1.03,1.10,1.05,2209,1326,1.67,94.40%,"15:14 ET"
HTZ,3.54,Call,4.00,05/08/20,7,0.70,0.73,0.75,0.73,959,577,1.66,466.14%,"15:26 ET"
X,7.5,Put,7.00,05/08/20,7,0.18,0.19,0.19,0.18,3239,1946,1.66,95.59%,"15:17 ET"
BILI,25.32,Put,22.50,07/17/20,77,1.45,1.53,1.60,1.45,6240,3752,1.66,59.98%,"15:27 ET"
BBBY,5.68,Call,6.00,05/08/20,7,0.20,0.22,0.23,0.21,948,576,1.65,109.99%,"15:22 ET"
BA,134.84,Put,141.00,05/01/20,0,6.85,6.95,7.05,6.10,1467,890,1.65,0.00%,"15:11 ET"
GOLD,26.75,Put,26.00,05/15/20,14,0.82,0.84,0.86,0.90,2327,1414,1.65,63.07%,"14:24 ET"
IVR,2.83,Put,3.00,05/15/20,14,0.50,0.55,0.60,0.55,4580,2779,1.65,205.95%,"15:07 ET"
AMD,49.92,Put,45.00,05/15/20,14,0.65,0.66,0.67,0.66,11074,6705,1.65,65.56%,"15:25 ET"
HTZ,3.54,Put,1.00,05/08/20,7,0.05,0.08,0.10,0.10,553,338,1.64,0.00%,"15:19 ET"
UBER,28.55,Call,30.00,05/08/20,7,0.95,0.97,0.98,0.98,1347,820,1.64,98.45%,"15:14 ET"
MU,45.17,Call,45.00,05/08/20,7,1.63,1.66,1.69,1.66,523,321,1.63,62.76%,"15:15 ET"
NCLH,14.22,Put,14.00,05/08/20,7,1.05,1.1,1.15,1.05,778,476,1.63,149.42%,"15:15 ET"
GME,6.04,Call,5.00,05/01/20,0,1.03,1.06,1.09,1.07,1043,640,1.63,0.00%,"15:15 ET"
AMZN,2301.22,Put,2150.00,05/08/20,7,8.35,8.52,8.70,8.83,1113,682,1.63,45.05%,"15:24 ET"
PYPL,119.97,Put,120.00,05/01/20,0,0.09,0.12,0.14,0.19,1567,962,1.63,0.00%,"15:15 ET"
DAL,24.26,Call,28.00,05/15/20,14,0.40,0.41,0.41,0.40,5841,3593,1.63,79.07%,"15:15 ET"
AAPL,291.14,Put,270.00,05/08/20,7,1.00,1.01,1.02,1.01,7487,4630,1.62,46.23%,"15:23 ET"
SPCE,17.95,Call,18.50,05/08/20,7,1.57,1.61,1.64,1.60,795,495,1.61,196.40%,"15:25 ET"
AMZN,2301.22,Put,2020.00,05/15/20,14,5.85,6.05,6.25,6.10,812,505,1.61,46.33%,"15:20 ET"
BYND,93.84,Put,92.00,05/01/20,0,0.25,0.29,0.33,0.28,1014,630,1.61,0.00%,"15:27 ET"
LYFT,29.71,Put,30.00,05/08/20,7,2.26,2.29,2.32,2.31,1091,678,1.61,130.91%,"15:11 ET"
AAPL,291.14,Call,290.00,05/29/20,28,11.25,11.33,11.40,11.79,1141,708,1.61,33.95%,"15:18 ET"
TSLA,703.11,Call,750.00,05/15/20,14,32.00,32.2,32.40,31.85,2274,1411,1.61,89.67%,"15:12 ET"
AMD,49.92,Call,53.00,05/08/20,7,0.53,0.54,0.54,0.55,7987,4960,1.61,54.67%,"15:25 ET"
PLD,86.61,Put,65.00,06/19/20,49,0.75,1.05,1.35,0.95,540,338,1.6,64.56%,"13:18 ET"
MSFT,175.07,Call,175.00,05/01/20,0,0.71,0.72,0.73,0.90,14226,8871,1.6,0.00%,"15:16 ET"
MRNA,47.61,Put,50.00,05/01/20,0,2.15,2.33,2.50,3.10,598,376,1.59,0.00%,"14:38 ET"
CLX,194.07,Call,200.00,05/08/20,7,1.50,1.75,2.00,1.60,973,612,1.59,35.47%,"15:08 ET"
ROKU,114.5,Put,118.00,05/01/20,0,3.30,3.38,3.45,3.35,1354,851,1.59,0.00%,"15:12 ET"
AMAT,46.75,Call,52.50,06/19/20,49,1.64,1.69,1.74,1.64,1367,860,1.59,51.33%,"15:18 ET"
V,176.15,Call,177.50,05/01/20,0,0.21,0.24,0.27,0.30,1704,1069,1.59,0.00%,"15:16 ET"
RIG,1.165,Call,1.50,06/19/20,49,0.17,0.18,0.18,0.18,2005,1261,1.59,167.41%,"14:54 ET"
INTC,57.97,Call,61.00,05/08/20,7,0.22,0.23,0.23,0.23,2240,1407,1.59,36.11%,"15:24 ET"
CHWY,43.02,Put,43.00,05/01/20,0,0.10,0.15,0.20,0.15,630,400,1.58,0.00%,"15:11 ET"
HTZ,3.54,Put,3.00,05/08/20,7,0.65,0.7,0.75,0.69,1393,882,1.58,527.45%,"15:04 ET"
UAL,26.75,Put,28.00,05/01/20,0,1.23,1.26,1.29,1.20,2127,1343,1.58,0.00%,"15:11 ET"
NEM,60.53,Put,55.00,12/18/20,231,5.95,6.1,6.25,6.10,529,338,1.57,48.28%,"11:17 ET"
FBC,25.58,Put,25.00,06/19/20,49,1.55,1.68,1.80,1.75,580,370,1.57,56.07%,"14:03 ET"
UBER,28.55,Call,28.50,05/08/20,7,1.62,1.64,1.66,1.67,823,523,1.57,103.57%,"15:02 ET"
CGC,14.97,Call,16.00,05/15/20,14,0.50,0.52,0.54,0.54,1024,653,1.57,81.32%,"15:10 ET"
PVG,8.36,Put,8.00,05/15/20,14,0.20,0.28,0.35,0.35,1484,948,1.57,80.15%,"12:44 ET"
ZM,138.3,Call,140.00,05/08/20,7,6.40,6.5,6.60,6.40,2228,1420,1.57,93.06%,"15:20 ET"
JNJ,147.19,Put,147.00,05/01/20,0,0.07,0.1,0.12,0.10,2657,1689,1.57,0.00%,"15:27 ET"
UBER,28.55,Put,29.00,05/08/20,7,1.81,1.83,1.84,1.84,649,417,1.56,101.95%,"15:15 ET"
UAL,26.75,Put,24.00,05/08/20,7,0.43,0.44,0.45,0.43,906,582,1.56,100.54%,"15:11 ET"
WFC,27.44,Put,27.00,05/08/20,7,0.89,0.91,0.93,0.90,1016,651,1.56,74.35%,"15:11 ET"
AMZN,2301.22,Call,3000.00,05/08/20,7,0.61,0.76,0.90,0.68,1251,803,1.56,77.57%,"15:21 ET"
FB,201.34,Call,182.50,05/08/20,7,20.15,20.33,20.50,19.41,503,324,1.55,47.33%,"15:10 ET"
PTON,32.05,Call,34.00,05/15/20,14,2.26,2.3,2.35,2.27,654,423,1.55,124.50%,"15:21 ET"
LYFT,29.71,Put,30.00,06/19/20,49,3.85,3.88,3.90,3.90,1340,863,1.55,86.84%,"14:59 ET"
UAL,26.75,Put,26.00,05/08/20,7,1.02,1.04,1.05,1.04,1496,967,1.55,96.26%,"15:14 ET"
CCL,13.99,Call,17.50,06/19/20,49,0.85,0.88,0.90,0.90,11722,7580,1.55,97.08%,"15:12 ET"
JPM,93.04,Call,95.00,05/08/20,7,1.78,1.81,1.84,1.81,808,524,1.54,53.83%,"15:29 ET"
TSLA,703.11,Call,880.00,05/08/20,7,2.05,2.17,2.29,2.30,815,529,1.54,97.74%,"15:00 ET"
X,7.5,Call,7.50,05/08/20,7,0.37,0.39,0.40,0.38,1882,1223,1.54,90.28%,"15:04 ET"
BYND,93.84,Put,95.00,05/01/20,0,2.03,2.42,2.81,1.55,2966,1922,1.54,0.00%,"15:24 ET"
BYND,93.84,Put,80.00,05/08/20,7,2.12,2.17,2.21,2.20,598,390,1.53,144.06%,"15:27 ET"
UAL,26.75,Put,23.00,05/08/20,7,0.28,0.29,0.29,0.30,719,471,1.53,108.46%,"15:09 ET"
IBM,121.82,Put,122.00,05/01/20,0,0.35,0.41,0.47,0.36,766,501,1.53,0.00%,"15:19 ET"
XOM,43.39,Call,46.00,05/08/20,7,0.35,0.36,0.36,0.36,1201,787,1.53,52.74%,"15:18 ET"
TSLA,703.11,Put,760.00,05/15/20,14,80.85,81.65,82.45,81.35,621,409,1.52,86.94%,"14:34 ET"
BYND,93.84,Put,96.00,05/01/20,0,2.48,3.04,3.60,1.80,644,425,1.52,0.00%,"15:13 ET"
GSX,36.45,Put,30.00,06/19/20,49,3.50,3.6,3.70,3.64,1535,1007,1.52,134.95%,"15:19 ET"
SWKS,99.1,Call,105.00,05/15/20,14,2.20,2.33,2.45,2.50,1251,828,1.51,62.04%,"15:10 ET"
NFLX,416.67,Call,435.00,05/08/20,7,4.15,4.25,4.35,4.05,1752,1158,1.51,45.34%,"15:11 ET"
FB,201.34,Put,185.00,05/08/20,7,0.59,0.6,0.61,0.61,1888,1252,1.51,48.28%,"15:20 ET"
CCL,13.99,Call,15.00,05/08/20,7,0.45,0.5,0.55,0.45,1890,1249,1.51,106.73%,"15:10 ET"
MSFT,175.07,Call,177.50,05/01/20,0,0.08,0.09,0.10,0.12,13841,9171,1.51,0.00%,"15:16 ET"
SNAP,16.63,Put,13.00,05/29/20,28,0.14,0.15,0.16,0.15,521,347,1.5,71.76%,"15:19 ET"
DAL,24.26,Call,44.00,06/19/20,49,0.10,0.11,0.12,0.11,1203,801,1.5,84.74%,"12:13 ET"
AMZN,2301.22,Call,2500.00,05/08/20,7,9.20,9.35,9.50,9.50,2275,1521,1.5,48.85%,"15:25 ET"
LUV,29.37,Call,29.00,05/15/20,14,1.80,1.85,1.90,1.90,625,419,1.49,73.18%,"14:47 ET"
XOM,43.39,Put,43.50,05/01/20,0,0.41,0.42,0.42,0.42,1315,889,1.48,0.00%,"15:19 ET"
BA,134.84,Put,125.00,05/08/20,7,2.16,2.22,2.28,2.23,1354,912,1.48,79.32%,"15:27 ET"
TSLA,703.11,Call,1000.00,05/29/20,28,4.80,5.2,5.60,5.25,512,348,1.47,82.27%,"14:57 ET"
TSLA,703.11,Call,720.00,05/15/20,14,44.90,45.15,45.40,45.00,537,365,1.47,93.09%,"15:10 ET"
HD,217.43,Call,217.50,05/15/20,14,6.00,6.3,6.60,6.09,550,375,1.47,35.14%,"14:26 ET"
DOX,62.99,Call,65.00,05/15/20,14,0.85,1.13,1.40,1.30,1021,694,1.47,42.86%,"15:17 ET"
RCL,41.61,Put,40.00,05/08/20,7,2.28,2.34,2.40,2.43,1197,814,1.47,138.97%,"15:15 ET"
CLX,194.07,Call,195.00,05/08/20,7,3.20,3.45,3.70,3.50,643,439,1.46,36.71%,"15:12 ET"
MLND,1.785,Call,2.50,05/15/20,14,0.10,0.15,0.20,0.20,664,454,1.46,282.52%,"15:15 ET"
BA,134.84,Call,152.50,05/08/20,7,1.12,1.13,1.14,1.16,962,660,1.46,84.53%,"15:26 ET"
TSLA,703.11,Call,1050.00,05/08/20,7,0.42,0.44,0.45,0.43,978,669,1.46,121.13%,"15:13 ET"
LUV,29.37,Call,30.00,09/18/20,140,4.60,4.7,4.80,4.68,2069,1420,1.46,67.23%,"15:13 ET"
NEM,60.53,Call,60.00,05/15/20,14,3.00,3.05,3.10,3.00,2386,1638,1.46,57.98%,"15:14 ET"
DAL,24.26,Put,25.00,05/01/20,0,0.76,0.79,0.82,0.85,4643,3191,1.46,0.00%,"15:15 ET"
SBUX,73.71,Call,76.00,05/08/20,7,0.75,0.76,0.77,0.77,578,398,1.45,40.10%,"15:25 ET"
ABT,89.5,Call,97.50,01/15/21,259,6.35,6.6,6.85,6.36,644,443,1.45,30.29%,"12:59 ET"
GILD,78.44,Call,88.00,05/08/20,7,0.52,0.53,0.54,0.54,766,530,1.45,71.45%,"15:17 ET"
BA,134.84,Put,138.00,05/01/20,0,3.90,4,4.10,3.95,1993,1371,1.45,0.00%,"15:27 ET"
MA,267.48,Put,252.50,05/15/20,14,3.80,3.93,4.05,3.95,533,371,1.44,48.06%,"14:50 ET"
WMT,123.07,Call,123.00,05/15/20,14,2.84,2.87,2.90,2.86,757,524,1.44,29.94%,"15:16 ET"
DE,137.53,Call,150.00,06/19/20,49,3.55,3.7,3.85,4.07,850,589,1.44,42.05%,"14:29 ET"
AMZN,2301.22,Call,3680.00,05/15/20,14,0.10,0.15,0.20,0.12,1848,1280,1.44,76.96%,"15:06 ET"
CCL,13.99,Put,15.00,05/08/20,7,1.50,1.53,1.55,1.50,3350,2333,1.44,115.53%,"15:11 ET"
MSFT,175.07,Call,175.00,05/08/20,7,3.65,3.68,3.70,3.75,5538,3852,1.44,38.41%,"15:16 ET"
JPM,93.04,Call,115.00,05/29/20,28,0.16,0.2,0.24,0.20,822,575,1.43,44.04%,"14:29 ET"
ZM,138.3,Put,110.00,06/19/20,49,6.50,6.65,6.80,6.57,1188,830,1.43,95.85%,"15:20 ET"
ADSK,173.78,Put,170.00,06/19/20,49,11.65,11.83,12.00,11.85,714,503,1.42,54.81%,"14:53 ET"
HOME,2.39,Call,3.00,05/15/20,14,0.15,0.18,0.20,0.17,1279,900,1.42,195.56%,"15:16 ET"
SPCE,17.95,Call,20.00,05/08/20,7,1.12,1.15,1.18,1.14,2525,1780,1.42,200.40%,"15:27 ET"
NFLX,416.67,Call,450.00,05/08/20,7,1.89,1.92,1.95,1.95,4429,3120,1.42,48.95%,"15:17 ET"
XOM,43.39,Put,44.00,05/01/20,0,0.77,0.8,0.84,0.90,5495,3878,1.42,0.00%,"15:19 ET"
TWTR,27.87,Put,27.00,05/08/20,7,0.59,0.6,0.61,0.61,722,511,1.41,65.40%,"15:10 ET"
GOOG,1314.27,Put,1300.00,05/01/20,0,0.10,0.18,0.25,0.15,879,623,1.41,0.00%,"15:23 ET"
TSLA,703.11,Call,760.00,05/15/20,14,28.30,28.55,28.80,27.80,1135,807,1.41,88.01%,"15:08 ET"
AMZN,2301.22,Call,2600.00,05/08/20,7,4.85,5,5.15,4.90,1537,1089,1.41,55.42%,"15:23 ET"
BABA,193.86,Call,202.50,05/08/20,7,1.15,1.16,1.17,1.17,1758,1244,1.41,36.78%,"15:27 ET"
"Downloaded from Barchart.com as of 05-01-2020 02:48pm CDT"
